source_root,source_path,organized_path,media_type,extension,size_bytes,dimensions,duration_seconds,category,include_recommendation,quality_rating,target_page,target_section,notes,web_copy
shared,Cooperative Community Development Inc\CCD Brand Guidelines.pdf,website-media-filebase\09-partner-logos-brand\shared-.-CCD-Brand-Guidelines.pdf,document,.pdf,365448,,,Brand / logos,Website-ready,Good,Global design system,Brand reference,Brand source file.,
shared,Cooperative Community Development Inc\YT_ShortCCDpanout.mp4,website-media-filebase\01-home-hero-neighborhood-drone\shared-.-YT_ShortCCDpanout.mp4,video,.mp4,122202504,3840x2160,13.1,Neighborhood / drone footage,Website-ready,Strong,Home,Hero video / motion background,Short enough for design experiments.,media-library/01-home-hero-neighborhood-drone/shared-.-YT_ShortCCDpanout.mp4
shared,"Cooperative Community Development Inc\Johnny Martin Jr., CEO - 5-Minute Histories\Community Day Flyer - SAVE THE DATE.jpg",website-media-filebase\08-history-walking-tour-murals\shared-Johnny-Martin-Jr.-CEO---5-Minute-Histories-Community-Day-Flyer---SAVE-THE-DATE.jpg,image,.jpg,654138,695x900,,History / walking tour,Supporting,Good,About / Projects / Impact map,History and walking-tour proof,"Use for story sections, map, and galleries.",media-library/08-history-walking-tour-murals/shared-Johnny-Martin-Jr.-CEO---5-Minute-Histories-Community-Day-Flyer---SAVE-THE-DATE.jpg
shared,"Cooperative Community Development Inc\Johnny Martin Jr., CEO - 5-Minute Histories\Irvington Tour.jpg",website-media-filebase\08-history-walking-tour-murals\shared-Johnny-Martin-Jr.-CEO---5-Minute-Histories-Irvington-Tour.jpg,image,.jpg,523444,4224x3264,,History / walking tour,Supporting,Good,About / Projects / Impact map,History and walking-tour proof,"Use for story sections, map, and galleries.",media-library/08-history-walking-tour-murals/shared-Johnny-Martin-Jr.-CEO---5-Minute-Histories-Irvington-Tour.jpg
shared,"Cooperative Community Development Inc\Johnny Martin Jr., CEO - 5-Minute Histories\Irvington Tour.pdf",website-media-filebase\90-source-docs\shared-Johnny-Martin-Jr.-CEO---5-Minute-Histories-Irvington-Tour.pdf,document,.pdf,652053,,,Source document,Supporting,Good,Projects / Impact map,Reference copy,"Keep as source material, not visual hero media.",
shared,"Cooperative Community Development Inc\Johnny Martin Jr., CEO - 5-Minute Histories\Irvington Walking Tour.docx",website-media-filebase\90-source-docs\shared-Johnny-Martin-Jr.-CEO---5-Minute-Histories-Irvington-Walking-Tour.docx,document,.docx,18582,,,Source document,Supporting,Good,Projects / Impact map,Reference copy,"Keep as source material, not visual hero media.",
shared,"Cooperative Community Development Inc\Johnny Martin Jr., CEO - 5-Minute Histories\Irvington Walking Tour.pdf",website-media-filebase\90-source-docs\shared-Johnny-Martin-Jr.-CEO---5-Minute-Histories-Irvington-Walking-Tour.pdf,document,.pdf,9457953,,,Source document,Supporting,Good,Projects / Impact map,Reference copy,"Keep as source material, not visual hero media.",
shared,"Cooperative Community Development Inc\Johnny Martin Jr., CEO - 5-Minute Histories\Martin_DHR_FIA_500-Medical-Report-Form-revised-August-2018-1.pdf",,document,.pdf,98390,,,Private/admin document,Archive,Not for website,Archive,Do not publish,Administrative or sensitive source file; catalog only.,
shared,"Cooperative Community Development Inc\Johnny Martin Jr., CEO - Camera 1\DSCF0002.JPG",,image,.jpg,1339971,3264x2448,,Unclassified image,Review-needed,Unknown,Review,Possible supporting media,No reliable folder signal; review manually.,
shared,"Cooperative Community Development Inc\Johnny Martin Jr., CEO - Camera 1\DSCF0003.JPG",,image,.jpg,310917,2592x1944,,Unclassified image,Review-needed,Unknown,Review,Possible supporting media,No reliable folder signal; review manually.,
shared,"Cooperative Community Development Inc\Johnny Martin Jr., CEO - Camera 1\DSCF0004.JPG",,image,.jpg,1477068,3264x2448,,Unclassified image,Review-needed,Unknown,Review,Possible supporting media,No reliable folder signal; review manually.,
shared,"Cooperative Community Development Inc\Johnny Martin Jr., CEO - Camera 1\DSCF0005.JPG",,image,.jpg,1276257,3264x2448,,Unclassified image,Review-needed,Unknown,Review,Possible supporting media,No reliable folder signal; review manually.,
shared,"Cooperative Community Development Inc\Johnny Martin Jr., CEO - Camera 1\DSCF0006.JPG",,image,.jpg,1385696,3264x2448,,Unclassified image,Review-needed,Unknown,Review,Possible supporting media,No reliable folder signal; review manually.,
shared,"Cooperative Community Development Inc\Johnny Martin Jr., CEO - Camera 1\DSCF0007.JPG",,image,.jpg,1216177,3264x2448,,Unclassified image,Review-needed,Unknown,Review,Possible supporting media,No reliable folder signal; review manually.,
shared,"Cooperative Community Development Inc\Johnny Martin Jr., CEO - Camera 1\DSCF0008.JPG",,image,.jpg,1350606,3264x2448,,Unclassified image,Review-needed,Unknown,Review,Possible supporting media,No reliable folder signal; review manually.,
shared,"Cooperative Community Development Inc\Johnny Martin Jr., CEO - Camera 1\DSCF0009.JPG",,image,.jpg,1236364,3264x2448,,Unclassified image,Review-needed,Unknown,Review,Possible supporting media,No reliable folder signal; review manually.,
shared,"Cooperative Community Development Inc\Johnny Martin Jr., CEO - Camera 1\DSCF0010.JPG",,image,.jpg,1020907,3264x2448,,Unclassified image,Review-needed,Unknown,Review,Possible supporting media,No reliable folder signal; review manually.,
shared,"Cooperative Community Development Inc\Johnny Martin Jr., CEO - Camera 1\DSCF0011.JPG",,image,.jpg,1173049,3264x2448,,Unclassified image,Review-needed,Unknown,Review,Possible supporting media,No reliable folder signal; review manually.,
shared,"Cooperative Community Development Inc\Johnny Martin Jr., CEO - Camera 1\DSCF0012.JPG",,image,.jpg,1270695,3264x2448,,Unclassified image,Review-needed,Unknown,Review,Possible supporting media,No reliable folder signal; review manually.,
shared,"Cooperative Community Development Inc\Johnny Martin Jr., CEO - Camera 1\DSCF0013.JPG",,image,.jpg,1656740,3264x2448,,Unclassified image,Review-needed,Unknown,Review,Possible supporting media,No reliable folder signal; review manually.,
shared,"Cooperative Community Development Inc\Johnny Martin Jr., CEO - Camera 1\DSCF0014.JPG",,image,.jpg,1424646,3264x2448,,Unclassified image,Review-needed,Unknown,Review,Possible supporting media,No reliable folder signal; review manually.,
shared,"Cooperative Community Development Inc\Johnny Martin Jr., CEO - Camera 1\DSCF0015.JPG",,image,.jpg,1114843,3264x2448,,Unclassified image,Review-needed,Unknown,Review,Possible supporting media,No reliable folder signal; review manually.,
shared,"Cooperative Community Development Inc\Johnny Martin Jr., CEO - Camera 1\DSCF0016.JPG",,image,.jpg,1542876,3264x2448,,Unclassified image,Review-needed,Unknown,Review,Possible supporting media,No reliable folder signal; review manually.,
shared,"Cooperative Community Development Inc\Johnny Martin Jr., CEO - Camera 1\DSCF0017.JPG",,image,.jpg,1741687,3264x2448,,Unclassified image,Review-needed,Unknown,Review,Possible supporting media,No reliable folder signal; review manually.,
shared,"Cooperative Community Development Inc\Johnny Martin Jr., CEO - Camera 1\DSCF0018.JPG",,image,.jpg,1956651,3264x2448,,Unclassified image,Review-needed,Unknown,Review,Possible supporting media,No reliable folder signal; review manually.,
shared,"Cooperative Community Development Inc\Johnny Martin Jr., CEO - Camera 1\DSCF0019.JPG",,image,.jpg,1488273,3264x2448,,Unclassified image,Review-needed,Unknown,Review,Possible supporting media,No reliable folder signal; review manually.,
shared,"Cooperative Community Development Inc\Johnny Martin Jr., CEO - Camera 1\DSCF0020.JPG",,image,.jpg,1658324,3264x2448,,Unclassified image,Review-needed,Unknown,Review,Possible supporting media,No reliable folder signal; review manually.,
shared,"Cooperative Community Development Inc\Johnny Martin Jr., CEO - Camera 1\DSCF0021.JPG",,image,.jpg,1724547,3264x2448,,Unclassified image,Review-needed,Unknown,Review,Possible supporting media,No reliable folder signal; review manually.,
shared,"Cooperative Community Development Inc\Johnny Martin Jr., CEO - Camera 1\DSCF0022.JPG",,image,.jpg,1703742,3264x2448,,Unclassified image,Review-needed,Unknown,Review,Possible supporting media,No reliable folder signal; review manually.,
shared,"Cooperative Community Development Inc\Johnny Martin Jr., CEO - Camera 1\DSCF0023.JPG",,image,.jpg,1367658,3264x2448,,Unclassified image,Review-needed,Unknown,Review,Possible supporting media,No reliable folder signal; review manually.,
shared,"Cooperative Community Development Inc\Johnny Martin Jr., CEO - Camera 1\DSCF0024.JPG",,image,.jpg,1940243,3264x2448,,Unclassified image,Review-needed,Unknown,Review,Possible supporting media,No reliable folder signal; review manually.,
shared,"Cooperative Community Development Inc\Johnny Martin Jr., CEO - Camera 1\DSCF0025.JPG",,image,.jpg,1953160,3264x2448,,Unclassified image,Review-needed,Unknown,Review,Possible supporting media,No reliable folder signal; review manually.,
shared,"Cooperative Community Development Inc\Johnny Martin Jr., CEO - Camera 1\DSCF0026.JPG",,image,.jpg,2099936,3264x2448,,Unclassified image,Review-needed,Unknown,Review,Possible supporting media,No reliable folder signal; review manually.,
shared,"Cooperative Community Development Inc\Johnny Martin Jr., CEO - Camera 1\DSCF0027.JPG",,image,.jpg,1986486,3264x2448,,Unclassified image,Review-needed,Unknown,Review,Possible supporting media,No reliable folder signal; review manually.,
shared,"Cooperative Community Development Inc\Johnny Martin Jr., CEO - Camera 1\DSCF0028.JPG",website-media-filebase\07-projects-oasis-gardens-bus-stop\shared-Johnny-Martin-Jr.-CEO---Camera-1-DSCF0028.JPG,image,.jpg,2321079,3264x2448,,Project before-condition,Supporting,Fair,Projects / Clean & Green,Before-condition proof,Useful but not hero quality.,media-library/07-projects-oasis-gardens-bus-stop/shared-Johnny-Martin-Jr.-CEO---Camera-1-DSCF0028.jpg
shared,"Cooperative Community Development Inc\Johnny Martin Jr., CEO - Camera 1\DSCF0029.JPG",,image,.jpg,2623689,3264x2448,,Unclassified image,Review-needed,Unknown,Review,Possible supporting media,No reliable folder signal; review manually.,
shared,"Cooperative Community Development Inc\Johnny Martin Jr., CEO - Camera 1\DSCF0030.JPG",,image,.jpg,2534220,3264x2448,,Unclassified image,Review-needed,Unknown,Review,Possible supporting media,No reliable folder signal; review manually.,
shared,"Cooperative Community Development Inc\Johnny Martin Jr., CEO - Camera 1\DSCF0031.JPG",,image,.jpg,2513585,3264x2448,,Unclassified image,Review-needed,Unknown,Review,Possible supporting media,No reliable folder signal; review manually.,
shared,"Cooperative Community Development Inc\Johnny Martin Jr., CEO - Camera 1\DSCF0032.JPG",,image,.jpg,2202190,3264x2448,,Unclassified image,Review-needed,Unknown,Review,Possible supporting media,No reliable folder signal; review manually.,
shared,"Cooperative Community Development Inc\Johnny Martin Jr., CEO - Camera 1\DSCF0033.JPG",,image,.jpg,2439315,3264x2448,,Unclassified image,Review-needed,Unknown,Review,Possible supporting media,No reliable folder signal; review manually.,
shared,"Cooperative Community Development Inc\Johnny Martin Jr., CEO - Camera 1\DSCF0034.JPG",,image,.jpg,2334723,3264x2448,,Unclassified image,Review-needed,Unknown,Review,Possible supporting media,No reliable folder signal; review manually.,
shared,"Cooperative Community Development Inc\Johnny Martin Jr., CEO - Camera 1\DSCF0035.JPG",,image,.jpg,2186096,3264x2448,,Unclassified image,Review-needed,Unknown,Review,Possible supporting media,No reliable folder signal; review manually.,
shared,"Cooperative Community Development Inc\Johnny Martin Jr., CEO - Camera 1\DSCF0036.JPG",,image,.jpg,2415394,3264x2448,,Unclassified image,Review-needed,Unknown,Review,Possible supporting media,No reliable folder signal; review manually.,
shared,"Cooperative Community Development Inc\Johnny Martin Jr., CEO - Camera 1\DSCF0037.JPG",,image,.jpg,2277255,3264x2448,,Unclassified image,Review-needed,Unknown,Review,Possible supporting media,No reliable folder signal; review manually.,
shared,"Cooperative Community Development Inc\Johnny Martin Jr., CEO - Camera 1\DSCF0038.JPG",,image,.jpg,2105369,3264x2448,,Unclassified image,Review-needed,Unknown,Review,Possible supporting media,No reliable folder signal; review manually.,
shared,"Cooperative Community Development Inc\Johnny Martin Jr., CEO - Camera 1\DSCF0039.JPG",,image,.jpg,2004843,3264x2448,,Unclassified image,Review-needed,Unknown,Review,Possible supporting media,No reliable folder signal; review manually.,
shared,"Cooperative Community Development Inc\Johnny Martin Jr., CEO - Camera 1\DSCF0040.JPG",,image,.jpg,2134172,3264x2448,,Unclassified image,Review-needed,Unknown,Review,Possible supporting media,No reliable folder signal; review manually.,
shared,"Cooperative Community Development Inc\Johnny Martin Jr., CEO - Camera 1\DSCF0041.JPG",,image,.jpg,2516187,3264x2448,,Unclassified image,Review-needed,Unknown,Review,Possible supporting media,No reliable folder signal; review manually.,
shared,"Cooperative Community Development Inc\Johnny Martin Jr., CEO - Camera 1\DSCF0042.JPG",,image,.jpg,2132194,3264x2448,,Unclassified image,Review-needed,Unknown,Review,Possible supporting media,No reliable folder signal; review manually.,
shared,"Cooperative Community Development Inc\Johnny Martin Jr., CEO - Camera 1\DSCF0043.JPG",,image,.jpg,1983376,3264x2448,,Unclassified image,Review-needed,Unknown,Review,Possible supporting media,No reliable folder signal; review manually.,
shared,"Cooperative Community Development Inc\Johnny Martin Jr., CEO - Camera 1\DSCF0044.JPG",,image,.jpg,1390986,3264x2448,,Unclassified image,Review-needed,Unknown,Review,Possible supporting media,No reliable folder signal; review manually.,
shared,"Cooperative Community Development Inc\Johnny Martin Jr., CEO - Camera 1\DSCF0045.JPG",,image,.jpg,1848289,3264x2448,,Unclassified image,Review-needed,Unknown,Review,Possible supporting media,No reliable folder signal; review manually.,
shared,"Cooperative Community Development Inc\Johnny Martin Jr., CEO - Camera 1\DSCF0046.JPG",,image,.jpg,2129746,3264x2448,,Unclassified image,Review-needed,Unknown,Review,Possible supporting media,No reliable folder signal; review manually.,
shared,"Cooperative Community Development Inc\Johnny Martin Jr., CEO - Camera 1\DSCF0047.JPG",,image,.jpg,2638922,3264x2448,,Unclassified image,Review-needed,Unknown,Review,Possible supporting media,No reliable folder signal; review manually.,
shared,"Cooperative Community Development Inc\Johnny Martin Jr., CEO - Camera 1\DSCF0048.JPG",,image,.jpg,2683382,3264x2448,,Unclassified image,Review-needed,Unknown,Review,Possible supporting media,No reliable folder signal; review manually.,
shared,"Cooperative Community Development Inc\Johnny Martin Jr., CEO - Camera 1\DSCF0049.JPG",,image,.jpg,1917228,3264x2448,,Unclassified image,Review-needed,Unknown,Review,Possible supporting media,No reliable folder signal; review manually.,
shared,"Cooperative Community Development Inc\Johnny Martin Jr., CEO - Camera 1\DSCF0050.JPG",,image,.jpg,2683265,3264x2448,,Unclassified image,Review-needed,Unknown,Review,Possible supporting media,No reliable folder signal; review manually.,
shared,"Cooperative Community Development Inc\Johnny Martin Jr., CEO - Camera 1\DSCF0052.JPG",,image,.jpg,2178465,3264x2448,,Unclassified image,Review-needed,Unknown,Review,Possible supporting media,No reliable folder signal; review manually.,
shared,"Cooperative Community Development Inc\Johnny Martin Jr., CEO - Camera 1\DSCF0053.JPG",,image,.jpg,2587041,3264x2448,,Unclassified image,Review-needed,Unknown,Review,Possible supporting media,No reliable folder signal; review manually.,
shared,"Cooperative Community Development Inc\Johnny Martin Jr., CEO - Camera 1\DSCF0054.JPG",,image,.jpg,2698772,3264x2448,,Unclassified image,Review-needed,Unknown,Review,Possible supporting media,No reliable folder signal; review manually.,
shared,"Cooperative Community Development Inc\Johnny Martin Jr., CEO - Camera 1\DSCF0055.JPG",,image,.jpg,1965119,3264x2448,,Unclassified image,Review-needed,Unknown,Review,Possible supporting media,No reliable folder signal; review manually.,
shared,"Cooperative Community Development Inc\Johnny Martin Jr., CEO - Camera 1\DSCF0056.JPG",,image,.jpg,2467005,3264x2448,,Unclassified image,Review-needed,Unknown,Review,Possible supporting media,No reliable folder signal; review manually.,
shared,"Cooperative Community Development Inc\Johnny Martin Jr., CEO - Camera 1\DSCF0057.JPG",,image,.jpg,2277406,3264x2448,,Unclassified image,Review-needed,Unknown,Review,Possible supporting media,No reliable folder signal; review manually.,
shared,"Cooperative Community Development Inc\Johnny Martin Jr., CEO - Camera 1\DSCF0058.JPG",,image,.jpg,2052940,3264x2448,,Unclassified image,Review-needed,Unknown,Review,Possible supporting media,No reliable folder signal; review manually.,
shared,"Cooperative Community Development Inc\Johnny Martin Jr., CEO - Camera 1\DSCF0059.JPG",,image,.jpg,1928561,3264x2448,,Unclassified image,Review-needed,Unknown,Review,Possible supporting media,No reliable folder signal; review manually.,
shared,"Cooperative Community Development Inc\Johnny Martin Jr., CEO - Camera 1\DSCF0060.JPG",,image,.jpg,1958033,3264x2448,,Unclassified image,Review-needed,Unknown,Review,Possible supporting media,No reliable folder signal; review manually.,
shared,"Cooperative Community Development Inc\Johnny Martin Jr., CEO - Camera 1\DSCF0061.JPG",,image,.jpg,2387385,3264x2448,,Unclassified image,Review-needed,Unknown,Review,Possible supporting media,No reliable folder signal; review manually.,
shared,"Cooperative Community Development Inc\Johnny Martin Jr., CEO - Camera 1\DSCF0062.JPG",,image,.jpg,1938338,3264x2448,,Unclassified image,Review-needed,Unknown,Review,Possible supporting media,No reliable folder signal; review manually.,
shared,"Cooperative Community Development Inc\Johnny Martin Jr., CEO - Camera 1\DSCF0063.JPG",,image,.jpg,2387132,3264x2448,,Unclassified image,Review-needed,Unknown,Review,Possible supporting media,No reliable folder signal; review manually.,
shared,"Cooperative Community Development Inc\Johnny Martin Jr., CEO - Camera 1\DSCF0064.JPG",,image,.jpg,2129807,3264x2448,,Unclassified image,Review-needed,Unknown,Review,Possible supporting media,No reliable folder signal; review manually.,
shared,"Cooperative Community Development Inc\Johnny Martin Jr., CEO - Camera 1\DSCF0065.JPG",,image,.jpg,2110889,3264x2448,,Unclassified image,Review-needed,Unknown,Review,Possible supporting media,No reliable folder signal; review manually.,
shared,"Cooperative Community Development Inc\Johnny Martin Jr., CEO - Camera 1\DSCF0066.JPG",,image,.jpg,2535690,3264x2448,,Unclassified image,Review-needed,Unknown,Review,Possible supporting media,No reliable folder signal; review manually.,
shared,"Cooperative Community Development Inc\Johnny Martin Jr., CEO - Camera 1\DSCF0067.JPG",,image,.jpg,2081950,3264x2448,,Unclassified image,Review-needed,Unknown,Review,Possible supporting media,No reliable folder signal; review manually.,
shared,"Cooperative Community Development Inc\Johnny Martin Jr., CEO - Camera 1\DSCF0068.JPG",,image,.jpg,2121705,3264x2448,,Unclassified image,Review-needed,Unknown,Review,Possible supporting media,No reliable folder signal; review manually.,
shared,"Cooperative Community Development Inc\Johnny Martin Jr., CEO - Camera 1\DSCF0069.JPG",,image,.jpg,2340037,3264x2448,,Unclassified image,Review-needed,Unknown,Review,Possible supporting media,No reliable folder signal; review manually.,
shared,"Cooperative Community Development Inc\Johnny Martin Jr., CEO - Camera 1\DSCF0070.JPG",,image,.jpg,2331954,3264x2448,,Unclassified image,Review-needed,Unknown,Review,Possible supporting media,No reliable folder signal; review manually.,
shared,"Cooperative Community Development Inc\Johnny Martin Jr., CEO - Camera 1\DSCF0071.JPG",,image,.jpg,2364919,3264x2448,,Unclassified image,Review-needed,Unknown,Review,Possible supporting media,No reliable folder signal; review manually.,
shared,"Cooperative Community Development Inc\Johnny Martin Jr., CEO - Camera 1\DSCF0072.JPG",,image,.jpg,2224945,3264x2448,,Unclassified image,Review-needed,Unknown,Review,Possible supporting media,No reliable folder signal; review manually.,
shared,"Cooperative Community Development Inc\Johnny Martin Jr., CEO - Camera 1\DSCF0073.JPG",,image,.jpg,2472514,3264x2448,,Unclassified image,Review-needed,Unknown,Review,Possible supporting media,No reliable folder signal; review manually.,
shared,"Cooperative Community Development Inc\Johnny Martin Jr., CEO - Camera 1\DSCF0074.JPG",,image,.jpg,2327741,3264x2448,,Unclassified image,Review-needed,Unknown,Review,Possible supporting media,No reliable folder signal; review manually.,
shared,"Cooperative Community Development Inc\Johnny Martin Jr., CEO - Camera 1\DSCF0075.JPG",,image,.jpg,2192980,3264x2448,,Unclassified image,Review-needed,Unknown,Review,Possible supporting media,No reliable folder signal; review manually.,
shared,"Cooperative Community Development Inc\Johnny Martin Jr., CEO - Camera 1\DSCF0076.JPG",,image,.jpg,2316740,3264x2448,,Unclassified image,Review-needed,Unknown,Review,Possible supporting media,No reliable folder signal; review manually.,
shared,"Cooperative Community Development Inc\Johnny Martin Jr., CEO - Camera 1\DSCF0077.JPG",,image,.jpg,2499131,3264x2448,,Unclassified image,Review-needed,Unknown,Review,Possible supporting media,No reliable folder signal; review manually.,
shared,"Cooperative Community Development Inc\Johnny Martin Jr., CEO - Camera 1\DSCF0078.JPG",,image,.jpg,2232416,3264x2448,,Unclassified image,Review-needed,Unknown,Review,Possible supporting media,No reliable folder signal; review manually.,
shared,"Cooperative Community Development Inc\Johnny Martin Jr., CEO - Camera 1\DSCF0079.JPG",,image,.jpg,2039225,3264x2448,,Unclassified image,Review-needed,Unknown,Review,Possible supporting media,No reliable folder signal; review manually.,
shared,"Cooperative Community Development Inc\Johnny Martin Jr., CEO - Camera 1\DSCF0080.JPG",,image,.jpg,2202120,3264x2448,,Unclassified image,Review-needed,Unknown,Review,Possible supporting media,No reliable folder signal; review manually.,
shared,"Cooperative Community Development Inc\Johnny Martin Jr., CEO - Camera 1\DSCF0081.JPG",,image,.jpg,2114592,3264x2448,,Unclassified image,Review-needed,Unknown,Review,Possible supporting media,No reliable folder signal; review manually.,
shared,"Cooperative Community Development Inc\Johnny Martin Jr., CEO - Camera 1\DSCF0082.JPG",,image,.jpg,2134151,3264x2448,,Unclassified image,Review-needed,Unknown,Review,Possible supporting media,No reliable folder signal; review manually.,
shared,"Cooperative Community Development Inc\Johnny Martin Jr., CEO - Camera 1\DSCF0083.JPG",,image,.jpg,2214857,3264x2448,,Unclassified image,Review-needed,Unknown,Review,Possible supporting media,No reliable folder signal; review manually.,
shared,"Cooperative Community Development Inc\Johnny Martin Jr., CEO - Camera 1\DSCF0084.JPG",,image,.jpg,2136459,3264x2448,,Unclassified image,Review-needed,Unknown,Review,Possible supporting media,No reliable folder signal; review manually.,
shared,"Cooperative Community Development Inc\Johnny Martin Jr., CEO - Camera 1\DSCF0085.JPG",,image,.jpg,2190520,3264x2448,,Unclassified image,Review-needed,Unknown,Review,Possible supporting media,No reliable folder signal; review manually.,
shared,"Cooperative Community Development Inc\Johnny Martin Jr., CEO - Camera 1\DSCF0086.JPG",,image,.jpg,2186074,3264x2448,,Unclassified image,Review-needed,Unknown,Review,Possible supporting media,No reliable folder signal; review manually.,
shared,"Cooperative Community Development Inc\Johnny Martin Jr., CEO - Camera 1\DSCF0087.JPG",,image,.jpg,2182120,3264x2448,,Unclassified image,Review-needed,Unknown,Review,Possible supporting media,No reliable folder signal; review manually.,
shared,"Cooperative Community Development Inc\Johnny Martin Jr., CEO - Camera 1\DSCF0088.JPG",,image,.jpg,1790609,3264x2448,,Unclassified image,Review-needed,Unknown,Review,Possible supporting media,No reliable folder signal; review manually.,
shared,"Cooperative Community Development Inc\Johnny Martin Jr., CEO - Camera 1\DSCF0089.JPG",,image,.jpg,2190657,3264x2448,,Unclassified image,Review-needed,Unknown,Review,Possible supporting media,No reliable folder signal; review manually.,
shared,"Cooperative Community Development Inc\Johnny Martin Jr., CEO - Camera 1\DSCF0090.JPG",,image,.jpg,2127896,3264x2448,,Unclassified image,Review-needed,Unknown,Review,Possible supporting media,No reliable folder signal; review manually.,
shared,"Cooperative Community Development Inc\Johnny Martin Jr., CEO - Camera 1\DSCF0091.JPG",,image,.jpg,2102530,3264x2448,,Unclassified image,Review-needed,Unknown,Review,Possible supporting media,No reliable folder signal; review manually.,
shared,"Cooperative Community Development Inc\Johnny Martin Jr., CEO - Camera 1\DSCF0092.JPG",,image,.jpg,1965252,3264x2448,,Unclassified image,Review-needed,Unknown,Review,Possible supporting media,No reliable folder signal; review manually.,
shared,"Cooperative Community Development Inc\Johnny Martin Jr., CEO - Camera 1\DSCF0093.JPG",,image,.jpg,1821116,3264x2448,,Unclassified image,Review-needed,Unknown,Review,Possible supporting media,No reliable folder signal; review manually.,
shared,"Cooperative Community Development Inc\Johnny Martin Jr., CEO - Camera 1\DSCF0094.JPG",,image,.jpg,1875171,3264x2448,,Unclassified image,Review-needed,Unknown,Review,Possible supporting media,No reliable folder signal; review manually.,
shared,"Cooperative Community Development Inc\Johnny Martin Jr., CEO - Camera 1\DSCF0095.JPG",,image,.jpg,1852504,3264x2448,,Unclassified image,Review-needed,Unknown,Review,Possible supporting media,No reliable folder signal; review manually.,
shared,"Cooperative Community Development Inc\Johnny Martin Jr., CEO - Camera 1\DSCF0096.JPG",,image,.jpg,1884148,3264x2448,,Unclassified image,Review-needed,Unknown,Review,Possible supporting media,No reliable folder signal; review manually.,
shared,"Cooperative Community Development Inc\Johnny Martin Jr., CEO - Camera 1\DSCF0097.JPG",,image,.jpg,1866270,3264x2448,,Unclassified image,Review-needed,Unknown,Review,Possible supporting media,No reliable folder signal; review manually.,
shared,"Cooperative Community Development Inc\Johnny Martin Jr., CEO - Camera 1\DSCF0098.JPG",,image,.jpg,1325715,3264x2448,,Unclassified image,Review-needed,Unknown,Review,Possible supporting media,No reliable folder signal; review manually.,
shared,"Cooperative Community Development Inc\Johnny Martin Jr., CEO - Camera 1\DSCF0099.JPG",,image,.jpg,1880749,3264x2448,,Unclassified image,Review-needed,Unknown,Review,Possible supporting media,No reliable folder signal; review manually.,
shared,"Cooperative Community Development Inc\Johnny Martin Jr., CEO - Camera 1\DSCF0100.JPG",,image,.jpg,1905967,3264x2448,,Unclassified image,Review-needed,Unknown,Review,Possible supporting media,No reliable folder signal; review manually.,
shared,"Cooperative Community Development Inc\Johnny Martin Jr., CEO - Camera 1\DSCF0101.JPG",,image,.jpg,2043585,3264x2448,,Unclassified image,Review-needed,Unknown,Review,Possible supporting media,No reliable folder signal; review manually.,
shared,"Cooperative Community Development Inc\Johnny Martin Jr., CEO - Camera 1\DSCF0102.JPG",,image,.jpg,2217779,3264x2448,,Unclassified image,Review-needed,Unknown,Review,Possible supporting media,No reliable folder signal; review manually.,
shared,"Cooperative Community Development Inc\Johnny Martin Jr., CEO - Camera 1\DSCF0103.JPG",,image,.jpg,2401255,3264x2448,,Unclassified image,Review-needed,Unknown,Review,Possible supporting media,No reliable folder signal; review manually.,
shared,"Cooperative Community Development Inc\Johnny Martin Jr., CEO - Camera 1\DSCF0104.JPG",,image,.jpg,1918392,3264x2448,,Unclassified image,Review-needed,Unknown,Review,Possible supporting media,No reliable folder signal; review manually.,
shared,"Cooperative Community Development Inc\Johnny Martin Jr., CEO - Camera 1\DSCF0105.JPG",,image,.jpg,2180931,3264x2448,,Unclassified image,Review-needed,Unknown,Review,Possible supporting media,No reliable folder signal; review manually.,
shared,"Cooperative Community Development Inc\Johnny Martin Jr., CEO - Camera 1\DSCF0106.JPG",,image,.jpg,2061995,3264x2448,,Unclassified image,Review-needed,Unknown,Review,Possible supporting media,No reliable folder signal; review manually.,
shared,"Cooperative Community Development Inc\Johnny Martin Jr., CEO - Camera 1\DSCF0107.JPG",,image,.jpg,1957656,3264x2448,,Unclassified image,Review-needed,Unknown,Review,Possible supporting media,No reliable folder signal; review manually.,
shared,"Cooperative Community Development Inc\Johnny Martin Jr., CEO - Camera 1\DSCF0108.JPG",,image,.jpg,2311625,3264x2448,,Unclassified image,Review-needed,Unknown,Review,Possible supporting media,No reliable folder signal; review manually.,
shared,"Cooperative Community Development Inc\Johnny Martin Jr., CEO - Camera 1\DSCF0109.JPG",,image,.jpg,2365138,3264x2448,,Unclassified image,Review-needed,Unknown,Review,Possible supporting media,No reliable folder signal; review manually.,
shared,"Cooperative Community Development Inc\Johnny Martin Jr., CEO - Camera 1\DSCF0110.JPG",,image,.jpg,2547261,3264x2448,,Unclassified image,Review-needed,Unknown,Review,Possible supporting media,No reliable folder signal; review manually.,
shared,"Cooperative Community Development Inc\Johnny Martin Jr., CEO - Camera 1\DSCF0111.JPG",,image,.jpg,2288927,3264x2448,,Unclassified image,Review-needed,Unknown,Review,Possible supporting media,No reliable folder signal; review manually.,
shared,"Cooperative Community Development Inc\Johnny Martin Jr., CEO - Camera 1\DSCF0112.JPG",,image,.jpg,2390424,3264x2448,,Unclassified image,Review-needed,Unknown,Review,Possible supporting media,No reliable folder signal; review manually.,
shared,"Cooperative Community Development Inc\Johnny Martin Jr., CEO - Camera 1\DSCF0113.JPG",,image,.jpg,2308292,3264x2448,,Unclassified image,Review-needed,Unknown,Review,Possible supporting media,No reliable folder signal; review manually.,
shared,"Cooperative Community Development Inc\Johnny Martin Jr., CEO - Camera 1\DSCF0114.JPG",,image,.jpg,2484311,3264x2448,,Unclassified image,Review-needed,Unknown,Review,Possible supporting media,No reliable folder signal; review manually.,
shared,"Cooperative Community Development Inc\Johnny Martin Jr., CEO - Camera 1\DSCF0115.JPG",,image,.jpg,2205890,3264x2448,,Unclassified image,Review-needed,Unknown,Review,Possible supporting media,No reliable folder signal; review manually.,
shared,"Cooperative Community Development Inc\Johnny Martin Jr., CEO - Camera 1\DSCF0116.JPG",,image,.jpg,2180456,3264x2448,,Unclassified image,Review-needed,Unknown,Review,Possible supporting media,No reliable folder signal; review manually.,
shared,"Cooperative Community Development Inc\Johnny Martin Jr., CEO - Camera 1\DSCF0117.JPG",,image,.jpg,1789372,3264x2448,,Unclassified image,Review-needed,Unknown,Review,Possible supporting media,No reliable folder signal; review manually.,
shared,"Cooperative Community Development Inc\Johnny Martin Jr., CEO - Camera 1\DSCF0118.JPG",,image,.jpg,1940759,3264x2448,,Unclassified image,Review-needed,Unknown,Review,Possible supporting media,No reliable folder signal; review manually.,
shared,"Cooperative Community Development Inc\Johnny Martin Jr., CEO - Camera 1\DSCF0119.JPG",,image,.jpg,1733939,3264x2448,,Unclassified image,Review-needed,Unknown,Review,Possible supporting media,No reliable folder signal; review manually.,
shared,"Cooperative Community Development Inc\Johnny Martin Jr., CEO - Camera 1\DSCF0120.JPG",,image,.jpg,2107531,3264x2448,,Unclassified image,Review-needed,Unknown,Review,Possible supporting media,No reliable folder signal; review manually.,
shared,"Cooperative Community Development Inc\Johnny Martin Jr., CEO - Camera 1\DSCF0121.JPG",,image,.jpg,1844481,3264x2448,,Unclassified image,Review-needed,Unknown,Review,Possible supporting media,No reliable folder signal; review manually.,
shared,"Cooperative Community Development Inc\Johnny Martin Jr., CEO - Camera 1\DSCF0122.JPG",,image,.jpg,2013317,3264x2448,,Unclassified image,Review-needed,Unknown,Review,Possible supporting media,No reliable folder signal; review manually.,
shared,"Cooperative Community Development Inc\Johnny Martin Jr., CEO - Camera 1\DSCF0123.JPG",,image,.jpg,1865253,3264x2448,,Unclassified image,Review-needed,Unknown,Review,Possible supporting media,No reliable folder signal; review manually.,
shared,"Cooperative Community Development Inc\Johnny Martin Jr., CEO - Camera 1\DSCF0124.JPG",,image,.jpg,1877317,3264x2448,,Unclassified image,Review-needed,Unknown,Review,Possible supporting media,No reliable folder signal; review manually.,
shared,"Cooperative Community Development Inc\Johnny Martin Jr., CEO - Camera 1\DSCF0125.JPG",,image,.jpg,1928420,3264x2448,,Unclassified image,Review-needed,Unknown,Review,Possible supporting media,No reliable folder signal; review manually.,
shared,"Cooperative Community Development Inc\Johnny Martin Jr., CEO - Camera 1\DSCF0126.JPG",,image,.jpg,2003296,3264x2448,,Unclassified image,Review-needed,Unknown,Review,Possible supporting media,No reliable folder signal; review manually.,
shared,"Cooperative Community Development Inc\Johnny Martin Jr., CEO - Camera 1\DSCF0127.JPG",,image,.jpg,1875042,3264x2448,,Unclassified image,Review-needed,Unknown,Review,Possible supporting media,No reliable folder signal; review manually.,
shared,"Cooperative Community Development Inc\Johnny Martin Jr., CEO - Camera 1\DSCF0128.JPG",,image,.jpg,2040904,3264x2448,,Unclassified image,Review-needed,Unknown,Review,Possible supporting media,No reliable folder signal; review manually.,
shared,"Cooperative Community Development Inc\Johnny Martin Jr., CEO - Camera 1\DSCF0129.JPG",,image,.jpg,2519897,3264x2448,,Unclassified image,Review-needed,Unknown,Review,Possible supporting media,No reliable folder signal; review manually.,
shared,"Cooperative Community Development Inc\Johnny Martin Jr., CEO - Camera 1\DSCF0130.JPG",,image,.jpg,2654943,3264x2448,,Unclassified image,Review-needed,Unknown,Review,Possible supporting media,No reliable folder signal; review manually.,
shared,"Cooperative Community Development Inc\Johnny Martin Jr., CEO - Camera 1\DSCF0131.JPG",,image,.jpg,2437514,3264x2448,,Unclassified image,Review-needed,Unknown,Review,Possible supporting media,No reliable folder signal; review manually.,
shared,"Cooperative Community Development Inc\Johnny Martin Jr., CEO - Camera 1\DSCF0132.JPG",,image,.jpg,2292662,3264x2448,,Unclassified image,Review-needed,Unknown,Review,Possible supporting media,No reliable folder signal; review manually.,
shared,"Cooperative Community Development Inc\Johnny Martin Jr., CEO - Camera 1\DSCF0133.JPG",,image,.jpg,2471723,3264x2448,,Unclassified image,Review-needed,Unknown,Review,Possible supporting media,No reliable folder signal; review manually.,
shared,"Cooperative Community Development Inc\Johnny Martin Jr., CEO - Camera 1\DSCF0134.JPG",,image,.jpg,2515222,3264x2448,,Unclassified image,Review-needed,Unknown,Review,Possible supporting media,No reliable folder signal; review manually.,
shared,"Cooperative Community Development Inc\Johnny Martin Jr., CEO - Camera 1\DSCF0135.JPG",,image,.jpg,2497350,3264x2448,,Unclassified image,Review-needed,Unknown,Review,Possible supporting media,No reliable folder signal; review manually.,
shared,"Cooperative Community Development Inc\Johnny Martin Jr., CEO - Camera 1\DSCF0136.JPG",,image,.jpg,2370125,3264x2448,,Unclassified image,Review-needed,Unknown,Review,Possible supporting media,No reliable folder signal; review manually.,
shared,"Cooperative Community Development Inc\Johnny Martin Jr., CEO - Camera 1\DSCF0137.JPG",,image,.jpg,2105117,3264x2448,,Unclassified image,Review-needed,Unknown,Review,Possible supporting media,No reliable folder signal; review manually.,
shared,"Cooperative Community Development Inc\Johnny Martin Jr., CEO - Camera 1\DSCF0138.JPG",,image,.jpg,2333730,3264x2448,,Unclassified image,Review-needed,Unknown,Review,Possible supporting media,No reliable folder signal; review manually.,
shared,"Cooperative Community Development Inc\Johnny Martin Jr., CEO - Camera 1\DSCF0139.JPG",,image,.jpg,2246068,3264x2448,,Unclassified image,Review-needed,Unknown,Review,Possible supporting media,No reliable folder signal; review manually.,
shared,"Cooperative Community Development Inc\Johnny Martin Jr., CEO - Camera 1\DSCF0140.JPG",,image,.jpg,2075943,3264x2448,,Unclassified image,Review-needed,Unknown,Review,Possible supporting media,No reliable folder signal; review manually.,
shared,"Cooperative Community Development Inc\Johnny Martin Jr., CEO - Camera 1\DSCF0141.JPG",,image,.jpg,2200889,3264x2448,,Unclassified image,Review-needed,Unknown,Review,Possible supporting media,No reliable folder signal; review manually.,
shared,"Cooperative Community Development Inc\Johnny Martin Jr., CEO - Camera 1\DSCF0142.JPG",,image,.jpg,2319745,3264x2448,,Unclassified image,Review-needed,Unknown,Review,Possible supporting media,No reliable folder signal; review manually.,
shared,"Cooperative Community Development Inc\Johnny Martin Jr., CEO - Camera 1\DSCF0144.JPG",,image,.jpg,2154703,3264x2448,,Unclassified image,Review-needed,Unknown,Review,Possible supporting media,No reliable folder signal; review manually.,
shared,"Cooperative Community Development Inc\Johnny Martin Jr., CEO - Camera 1\DSCF0145.JPG",,image,.jpg,1884122,3264x2448,,Unclassified image,Review-needed,Unknown,Review,Possible supporting media,No reliable folder signal; review manually.,
shared,"Cooperative Community Development Inc\Johnny Martin Jr., CEO - Camera 1\DSCF0147.JPG",,image,.jpg,1978644,3264x2448,,Unclassified image,Review-needed,Unknown,Review,Possible supporting media,No reliable folder signal; review manually.,
shared,"Cooperative Community Development Inc\Johnny Martin Jr., CEO - Camera 1\DSCF0148.JPG",,image,.jpg,1944946,3264x2448,,Unclassified image,Review-needed,Unknown,Review,Possible supporting media,No reliable folder signal; review manually.,
shared,"Cooperative Community Development Inc\Johnny Martin Jr., CEO - Camera 1\DSCF0149.JPG",,image,.jpg,2143181,3264x2448,,Unclassified image,Review-needed,Unknown,Review,Possible supporting media,No reliable folder signal; review manually.,
shared,"Cooperative Community Development Inc\Johnny Martin Jr., CEO - Camera 1\DSCF0150.WAV",,audio,.wav,640512,,,Other,Archive,Unknown,Archive,Unclassified source,Not a primary website media type.,
shared,"Cooperative Community Development Inc\Johnny Martin Jr., CEO - Camera 1\DSCF0151.JPG",,image,.jpg,1938989,3264x2448,,Unclassified image,Review-needed,Unknown,Review,Possible supporting media,No reliable folder signal; review manually.,
shared,"Cooperative Community Development Inc\Johnny Martin Jr., CEO - Camera 1\DSCF0152.JPG",,image,.jpg,2076700,3264x2448,,Unclassified image,Review-needed,Unknown,Review,Possible supporting media,No reliable folder signal; review manually.,
shared,"Cooperative Community Development Inc\Johnny Martin Jr., CEO - Camera 1\DSCF0153.JPG",,image,.jpg,2111757,3264x2448,,Unclassified image,Review-needed,Unknown,Review,Possible supporting media,No reliable folder signal; review manually.,
shared,"Cooperative Community Development Inc\Johnny Martin Jr., CEO - Camera 1\DSCF0154.JPG",,image,.jpg,2085297,3264x2448,,Unclassified image,Review-needed,Unknown,Review,Possible supporting media,No reliable folder signal; review manually.,
shared,"Cooperative Community Development Inc\Johnny Martin Jr., CEO - Camera 1\MMZ_7991.JPG",,image,.jpg,9418653,6048x4024,,Unclassified image,Review-needed,Unknown,Review,Possible supporting media,No reliable folder signal; review manually.,
shared,"Cooperative Community Development Inc\Johnny Martin Jr., CEO - Camera 1\MMZ_7991.NEF",,image,.nef,21842244,,,RAW photo source,Archive,Unknown,Archive,Edit source,RAW file; use paired JPG first.,
shared,"Cooperative Community Development Inc\Johnny Martin Jr., CEO - Camera 1\MMZ_7992.JPG",,image,.jpg,9838200,6048x4024,,Unclassified image,Review-needed,Unknown,Review,Possible supporting media,No reliable folder signal; review manually.,
shared,"Cooperative Community Development Inc\Johnny Martin Jr., CEO - Camera 1\MMZ_7992.NEF",,image,.nef,22215749,,,RAW photo source,Archive,Unknown,Archive,Edit source,RAW file; use paired JPG first.,
shared,"Cooperative Community Development Inc\Johnny Martin Jr., CEO - Camera 1\MMZ_7993.JPG",,image,.jpg,9730689,6048x4024,,Unclassified image,Review-needed,Unknown,Review,Possible supporting media,No reliable folder signal; review manually.,
shared,"Cooperative Community Development Inc\Johnny Martin Jr., CEO - Camera 1\MMZ_7993.NEF",,image,.nef,22153352,,,RAW photo source,Archive,Unknown,Archive,Edit source,RAW file; use paired JPG first.,
shared,"Cooperative Community Development Inc\Johnny Martin Jr., CEO - Camera 1\MMZ_7994.JPG",,image,.jpg,9625167,6048x4024,,Unclassified image,Review-needed,Unknown,Review,Possible supporting media,No reliable folder signal; review manually.,
shared,"Cooperative Community Development Inc\Johnny Martin Jr., CEO - Camera 1\MMZ_7994.NEF",,image,.nef,22013350,,,RAW photo source,Archive,Unknown,Archive,Edit source,RAW file; use paired JPG first.,
shared,"Cooperative Community Development Inc\Johnny Martin Jr., CEO - Camera 1\MMZ_7995.JPG",,image,.jpg,9606644,6048x4024,,Unclassified image,Review-needed,Unknown,Review,Possible supporting media,No reliable folder signal; review manually.,
shared,"Cooperative Community Development Inc\Johnny Martin Jr., CEO - Camera 1\MMZ_7995.NEF",,image,.nef,21973696,,,RAW photo source,Archive,Unknown,Archive,Edit source,RAW file; use paired JPG first.,
shared,"Cooperative Community Development Inc\Johnny Martin Jr., CEO - Camera 1\MMZ_7996.JPG",,image,.jpg,9141462,6048x4024,,Unclassified image,Review-needed,Unknown,Review,Possible supporting media,No reliable folder signal; review manually.,
shared,"Cooperative Community Development Inc\Johnny Martin Jr., CEO - Camera 1\MMZ_7996.NEF",,image,.nef,21641060,,,RAW photo source,Archive,Unknown,Archive,Edit source,RAW file; use paired JPG first.,
shared,"Cooperative Community Development Inc\Johnny Martin Jr., CEO - Camera 1\MMZ_7997.JPG",,image,.jpg,9070562,6048x4024,,Unclassified image,Review-needed,Unknown,Review,Possible supporting media,No reliable folder signal; review manually.,
shared,"Cooperative Community Development Inc\Johnny Martin Jr., CEO - Camera 1\MMZ_7997.NEF",,image,.nef,21678381,,,RAW photo source,Archive,Unknown,Archive,Edit source,RAW file; use paired JPG first.,
shared,"Cooperative Community Development Inc\Johnny Martin Jr., CEO - Camera 1\MMZ_7998.JPG",,image,.jpg,9172879,6048x4024,,Unclassified image,Review-needed,Unknown,Review,Possible supporting media,No reliable folder signal; review manually.,
shared,"Cooperative Community Development Inc\Johnny Martin Jr., CEO - Camera 1\MMZ_7998.NEF",,image,.nef,21799379,,,RAW photo source,Archive,Unknown,Archive,Edit source,RAW file; use paired JPG first.,
shared,"Cooperative Community Development Inc\Johnny Martin Jr., CEO - Camera 1\MMZ_7999.JPG",,image,.jpg,9735520,6048x4024,,Unclassified image,Review-needed,Unknown,Review,Possible supporting media,No reliable folder signal; review manually.,
shared,"Cooperative Community Development Inc\Johnny Martin Jr., CEO - Camera 1\MMZ_7999.NEF",,image,.nef,22267495,,,RAW photo source,Archive,Unknown,Archive,Edit source,RAW file; use paired JPG first.,
shared,"Cooperative Community Development Inc\Johnny Martin Jr., CEO - Camera 1\MMZ_8000.JPG",,image,.jpg,6825450,6048x4024,,Unclassified image,Review-needed,Unknown,Review,Possible supporting media,No reliable folder signal; review manually.,
shared,"Cooperative Community Development Inc\Johnny Martin Jr., CEO - Camera 1\MMZ_8000.NEF",,image,.nef,20497419,,,RAW photo source,Archive,Unknown,Archive,Edit source,RAW file; use paired JPG first.,
shared,"Cooperative Community Development Inc\Johnny Martin Jr., CEO - Camera 1\MMZ_8001.JPG",,image,.jpg,7078581,6048x4024,,Unclassified image,Review-needed,Unknown,Review,Possible supporting media,No reliable folder signal; review manually.,
shared,"Cooperative Community Development Inc\Johnny Martin Jr., CEO - Camera 1\MMZ_8001.NEF",,image,.nef,20789341,,,RAW photo source,Archive,Unknown,Archive,Edit source,RAW file; use paired JPG first.,
shared,"Cooperative Community Development Inc\Johnny Martin Jr., CEO - Camera 1\MMZ_8002.JPG",,image,.jpg,7855243,6048x4024,,Unclassified image,Review-needed,Unknown,Review,Possible supporting media,No reliable folder signal; review manually.,
shared,"Cooperative Community Development Inc\Johnny Martin Jr., CEO - Camera 1\MMZ_8002.NEF",,image,.nef,23152490,,,RAW photo source,Archive,Unknown,Archive,Edit source,RAW file; use paired JPG first.,
shared,"Cooperative Community Development Inc\Johnny Martin Jr., CEO - Camera 1\MMZ_8003.JPG",,image,.jpg,7940891,6048x4024,,Unclassified image,Review-needed,Unknown,Review,Possible supporting media,No reliable folder signal; review manually.,
shared,"Cooperative Community Development Inc\Johnny Martin Jr., CEO - Camera 1\MMZ_8003.NEF",,image,.nef,23210013,,,RAW photo source,Archive,Unknown,Archive,Edit source,RAW file; use paired JPG first.,
shared,"Cooperative Community Development Inc\Johnny Martin Jr., CEO - Camera 1\MMZ_8004.JPG",,image,.jpg,7923442,6048x4024,,Unclassified image,Review-needed,Unknown,Review,Possible supporting media,No reliable folder signal; review manually.,
shared,"Cooperative Community Development Inc\Johnny Martin Jr., CEO - Camera 1\MMZ_8004.NEF",,image,.nef,23218307,,,RAW photo source,Archive,Unknown,Archive,Edit source,RAW file; use paired JPG first.,
shared,"Cooperative Community Development Inc\Johnny Martin Jr., CEO - Camera 1\MMZ_8005.JPG",,image,.jpg,8072081,6048x4024,,Unclassified image,Review-needed,Unknown,Review,Possible supporting media,No reliable folder signal; review manually.,
shared,"Cooperative Community Development Inc\Johnny Martin Jr., CEO - Camera 1\MMZ_8005.NEF",,image,.nef,23417217,,,RAW photo source,Archive,Unknown,Archive,Edit source,RAW file; use paired JPG first.,
shared,"Cooperative Community Development Inc\Johnny Martin Jr., CEO - Camera 1\MMZ_8006.JPG",,image,.jpg,8128895,6048x4024,,Unclassified image,Review-needed,Unknown,Review,Possible supporting media,No reliable folder signal; review manually.,
shared,"Cooperative Community Development Inc\Johnny Martin Jr., CEO - Camera 1\MMZ_8006.NEF",,image,.nef,23427143,,,RAW photo source,Archive,Unknown,Archive,Edit source,RAW file; use paired JPG first.,
shared,"Cooperative Community Development Inc\Johnny Martin Jr., CEO - Camera 1\MMZ_8007.JPG",,image,.jpg,7993926,6048x4024,,Unclassified image,Review-needed,Unknown,Review,Possible supporting media,No reliable folder signal; review manually.,
shared,"Cooperative Community Development Inc\Johnny Martin Jr., CEO - Camera 1\MMZ_8007.NEF",,image,.nef,23254279,,,RAW photo source,Archive,Unknown,Archive,Edit source,RAW file; use paired JPG first.,
shared,"Cooperative Community Development Inc\Johnny Martin Jr., CEO - Camera 1\MMZ_8008.JPG",,image,.jpg,8042758,6048x4024,,Unclassified image,Review-needed,Unknown,Review,Possible supporting media,No reliable folder signal; review manually.,
shared,"Cooperative Community Development Inc\Johnny Martin Jr., CEO - Camera 1\MMZ_8008.NEF",,image,.nef,23284985,,,RAW photo source,Archive,Unknown,Archive,Edit source,RAW file; use paired JPG first.,
shared,"Cooperative Community Development Inc\Johnny Martin Jr., CEO - Camera 1\MMZ_8009.JPG",,image,.jpg,8093606,6048x4024,,Unclassified image,Review-needed,Unknown,Review,Possible supporting media,No reliable folder signal; review manually.,
shared,"Cooperative Community Development Inc\Johnny Martin Jr., CEO - Camera 1\MMZ_8009.NEF",,image,.nef,23429189,,,RAW photo source,Archive,Unknown,Archive,Edit source,RAW file; use paired JPG first.,
shared,"Cooperative Community Development Inc\Johnny Martin Jr., CEO - Camera 1\MMZ_8010.JPG",,image,.jpg,8176200,6048x4024,,Unclassified image,Review-needed,Unknown,Review,Possible supporting media,No reliable folder signal; review manually.,
shared,"Cooperative Community Development Inc\Johnny Martin Jr., CEO - Camera 1\MMZ_8010.NEF",,image,.nef,23410900,,,RAW photo source,Archive,Unknown,Archive,Edit source,RAW file; use paired JPG first.,
shared,"Cooperative Community Development Inc\Johnny Martin Jr., CEO - Camera 1\MMZ_8011.JPG",,image,.jpg,7913592,6048x4024,,Unclassified image,Review-needed,Unknown,Review,Possible supporting media,No reliable folder signal; review manually.,
shared,"Cooperative Community Development Inc\Johnny Martin Jr., CEO - Camera 1\MMZ_8011.NEF",,image,.nef,23258157,,,RAW photo source,Archive,Unknown,Archive,Edit source,RAW file; use paired JPG first.,
shared,"Cooperative Community Development Inc\Johnny Martin Jr., CEO - Camera 1\MMZ_8012.JPG",,image,.jpg,8114777,6048x4024,,Unclassified image,Review-needed,Unknown,Review,Possible supporting media,No reliable folder signal; review manually.,
shared,"Cooperative Community Development Inc\Johnny Martin Jr., CEO - Camera 1\MMZ_8012.NEF",,image,.nef,20024346,,,RAW photo source,Archive,Unknown,Archive,Edit source,RAW file; use paired JPG first.,
shared,"Cooperative Community Development Inc\Johnny Martin Jr., CEO - Camera 1\MMZ_8013.JPG",,image,.jpg,7973412,6048x4024,,Unclassified image,Review-needed,Unknown,Review,Possible supporting media,No reliable folder signal; review manually.,
shared,"Cooperative Community Development Inc\Johnny Martin Jr., CEO - Camera 1\MMZ_8013.NEF",,image,.nef,20022228,,,RAW photo source,Archive,Unknown,Archive,Edit source,RAW file; use paired JPG first.,
shared,"Cooperative Community Development Inc\Johnny Martin Jr., CEO - Camera 1\MMZ_8014.JPG",,image,.jpg,7892714,6048x4024,,Unclassified image,Review-needed,Unknown,Review,Possible supporting media,No reliable folder signal; review manually.,
shared,"Cooperative Community Development Inc\Johnny Martin Jr., CEO - Camera 1\MMZ_8014.NEF",,image,.nef,20030373,,,RAW photo source,Archive,Unknown,Archive,Edit source,RAW file; use paired JPG first.,
shared,"Cooperative Community Development Inc\Johnny Martin Jr., CEO - Camera 1\MMZ_8015.JPG",,image,.jpg,7850351,6048x4024,,Unclassified image,Review-needed,Unknown,Review,Possible supporting media,No reliable folder signal; review manually.,
shared,"Cooperative Community Development Inc\Johnny Martin Jr., CEO - Camera 1\MMZ_8015.NEF",,image,.nef,20051776,,,RAW photo source,Archive,Unknown,Archive,Edit source,RAW file; use paired JPG first.,
shared,"Cooperative Community Development Inc\Johnny Martin Jr., CEO - Camera 1\MMZ_8016.JPG",,image,.jpg,7850045,6048x4024,,Unclassified image,Review-needed,Unknown,Review,Possible supporting media,No reliable folder signal; review manually.,
shared,"Cooperative Community Development Inc\Johnny Martin Jr., CEO - Camera 1\MMZ_8016.NEF",,image,.nef,20072175,,,RAW photo source,Archive,Unknown,Archive,Edit source,RAW file; use paired JPG first.,
shared,"Cooperative Community Development Inc\Johnny Martin Jr., CEO - Camera 1\MMZ_8017.JPG",,image,.jpg,7833420,6048x4024,,Unclassified image,Review-needed,Unknown,Review,Possible supporting media,No reliable folder signal; review manually.,
shared,"Cooperative Community Development Inc\Johnny Martin Jr., CEO - Camera 1\MMZ_8017.NEF",,image,.nef,20078000,,,RAW photo source,Archive,Unknown,Archive,Edit source,RAW file; use paired JPG first.,
shared,"Cooperative Community Development Inc\Johnny Martin Jr., CEO - Camera 1\MMZ_8018.JPG",,image,.jpg,7839205,6048x4024,,Unclassified image,Review-needed,Unknown,Review,Possible supporting media,No reliable folder signal; review manually.,
shared,"Cooperative Community Development Inc\Johnny Martin Jr., CEO - Camera 1\MMZ_8018.NEF",,image,.nef,19965146,,,RAW photo source,Archive,Unknown,Archive,Edit source,RAW file; use paired JPG first.,
shared,"Cooperative Community Development Inc\Johnny Martin Jr., CEO - Camera 1\MMZ_8019.JPG",,image,.jpg,7825816,6048x4024,,Unclassified image,Review-needed,Unknown,Review,Possible supporting media,No reliable folder signal; review manually.,
shared,"Cooperative Community Development Inc\Johnny Martin Jr., CEO - Camera 1\MMZ_8019.NEF",,image,.nef,20007715,,,RAW photo source,Archive,Unknown,Archive,Edit source,RAW file; use paired JPG first.,
shared,"Cooperative Community Development Inc\Johnny Martin Jr., CEO - Camera 1\MMZ_8020.JPG",,image,.jpg,7759190,6048x4024,,Unclassified image,Review-needed,Unknown,Review,Possible supporting media,No reliable folder signal; review manually.,
shared,"Cooperative Community Development Inc\Johnny Martin Jr., CEO - Camera 1\MMZ_8020.NEF",,image,.nef,20001154,,,RAW photo source,Archive,Unknown,Archive,Edit source,RAW file; use paired JPG first.,
shared,"Cooperative Community Development Inc\Johnny Martin Jr., CEO - Camera 1\MMZ_8026.JPG",,image,.jpg,8150224,6048x4024,,Unclassified image,Review-needed,Unknown,Review,Possible supporting media,No reliable folder signal; review manually.,
shared,"Cooperative Community Development Inc\Johnny Martin Jr., CEO - Camera 1\MMZ_8026.NEF",,image,.nef,20085286,,,RAW photo source,Archive,Unknown,Archive,Edit source,RAW file; use paired JPG first.,
shared,"Cooperative Community Development Inc\Johnny Martin Jr., CEO - Camera 1\MMZ_8027.JPG",,image,.jpg,8237394,6048x4024,,Unclassified image,Review-needed,Unknown,Review,Possible supporting media,No reliable folder signal; review manually.,
shared,"Cooperative Community Development Inc\Johnny Martin Jr., CEO - Camera 1\MMZ_8027.NEF",,image,.nef,20204917,,,RAW photo source,Archive,Unknown,Archive,Edit source,RAW file; use paired JPG first.,
shared,"Cooperative Community Development Inc\Johnny Martin Jr., CEO - Camera 1\MMZ_8028.JPG",,image,.jpg,7524592,6048x4024,,Unclassified image,Review-needed,Unknown,Review,Possible supporting media,No reliable folder signal; review manually.,
shared,"Cooperative Community Development Inc\Johnny Martin Jr., CEO - Camera 1\MMZ_8028.NEF",,image,.nef,19824747,,,RAW photo source,Archive,Unknown,Archive,Edit source,RAW file; use paired JPG first.,
shared,"Cooperative Community Development Inc\Johnny Martin Jr., CEO - Camera 1\MMZ_8029.JPG",,image,.jpg,7648097,6048x4024,,Unclassified image,Review-needed,Unknown,Review,Possible supporting media,No reliable folder signal; review manually.,
shared,"Cooperative Community Development Inc\Johnny Martin Jr., CEO - Camera 1\MMZ_8029.NEF",,image,.nef,19950479,,,RAW photo source,Archive,Unknown,Archive,Edit source,RAW file; use paired JPG first.,
shared,"Cooperative Community Development Inc\Johnny Martin Jr., CEO - Camera 1\MMZ_8030.JPG",website-media-filebase\05-clean-green\shared-Johnny-Martin-Jr.-CEO---Camera-1-MMZ_8030.JPG,image,.jpg,10329363,6048x4024,,Clean & Green / work action,Website-ready,Strong,Clean & Green,Services hero / work proof,Real team-in-action media.,media-library/05-clean-green/shared-Johnny-Martin-Jr.-CEO---Camera-1-MMZ_8030.jpg
shared,"Cooperative Community Development Inc\Johnny Martin Jr., CEO - Camera 1\MMZ_8030.NEF",,image,.nef,19588587,,,Clean & Green / work action,Archive,Unknown,Clean & Green,RAW edit source,RAW paired with JPG; keep original as edit source.,
shared,"Cooperative Community Development Inc\Johnny Martin Jr., CEO - Camera 1\MMZ_8031.JPG",website-media-filebase\05-clean-green\shared-Johnny-Martin-Jr.-CEO---Camera-1-MMZ_8031.JPG,image,.jpg,10445190,6048x4024,,Clean & Green / work action,Website-ready,Strong,Clean & Green,Services hero / work proof,Real team-in-action media.,media-library/05-clean-green/shared-Johnny-Martin-Jr.-CEO---Camera-1-MMZ_8031.jpg
shared,"Cooperative Community Development Inc\Johnny Martin Jr., CEO - Camera 1\MMZ_8031.NEF",,image,.nef,19635188,,,Clean & Green / work action,Archive,Unknown,Clean & Green,RAW edit source,RAW paired with JPG; keep original as edit source.,
shared,"Cooperative Community Development Inc\Johnny Martin Jr., CEO - Camera 1\MMZ_8032.JPG",website-media-filebase\05-clean-green\shared-Johnny-Martin-Jr.-CEO---Camera-1-MMZ_8032.JPG,image,.jpg,10395495,6048x4024,,Clean & Green / work action,Website-ready,Strong,Clean & Green,Services hero / work proof,Real team-in-action media.,media-library/05-clean-green/shared-Johnny-Martin-Jr.-CEO---Camera-1-MMZ_8032.jpg
shared,"Cooperative Community Development Inc\Johnny Martin Jr., CEO - Camera 1\MMZ_8032.NEF",,image,.nef,19654973,,,Clean & Green / work action,Archive,Unknown,Clean & Green,RAW edit source,RAW paired with JPG; keep original as edit source.,
shared,"Cooperative Community Development Inc\Johnny Martin Jr., CEO - Camera 1\MMZ_8033.JPG",website-media-filebase\05-clean-green\shared-Johnny-Martin-Jr.-CEO---Camera-1-MMZ_8033.JPG,image,.jpg,11849287,6048x4024,,Clean & Green / work action,Website-ready,Strong,Clean & Green,Services hero / work proof,Real team-in-action media.,media-library/05-clean-green/shared-Johnny-Martin-Jr.-CEO---Camera-1-MMZ_8033.jpg
shared,"Cooperative Community Development Inc\Johnny Martin Jr., CEO - Camera 1\MMZ_8033.NEF",,image,.nef,21804595,,,Clean & Green / work action,Archive,Unknown,Clean & Green,RAW edit source,RAW paired with JPG; keep original as edit source.,
shared,"Cooperative Community Development Inc\Johnny Martin Jr., CEO - Camera 1\MMZ_8034.JPG",website-media-filebase\05-clean-green\shared-Johnny-Martin-Jr.-CEO---Camera-1-MMZ_8034.JPG,image,.jpg,12091850,6048x4024,,Clean & Green / work action,Website-ready,Strong,Clean & Green,Services hero / work proof,Real team-in-action media.,media-library/05-clean-green/shared-Johnny-Martin-Jr.-CEO---Camera-1-MMZ_8034.jpg
shared,"Cooperative Community Development Inc\Johnny Martin Jr., CEO - Camera 1\MMZ_8034.NEF",,image,.nef,21950825,,,Clean & Green / work action,Archive,Unknown,Clean & Green,RAW edit source,RAW paired with JPG; keep original as edit source.,
shared,"Cooperative Community Development Inc\Johnny Martin Jr., CEO - Camera 1\MMZ_8035.JPG",website-media-filebase\05-clean-green\shared-Johnny-Martin-Jr.-CEO---Camera-1-MMZ_8035.JPG,image,.jpg,12182798,6048x4024,,Clean & Green / work action,Website-ready,Strong,Clean & Green,Services hero / work proof,Real team-in-action media.,media-library/05-clean-green/shared-Johnny-Martin-Jr.-CEO---Camera-1-MMZ_8035.jpg
shared,"Cooperative Community Development Inc\Johnny Martin Jr., CEO - Camera 1\MMZ_8035.NEF",,image,.nef,22124545,,,Clean & Green / work action,Archive,Unknown,Clean & Green,RAW edit source,RAW paired with JPG; keep original as edit source.,
shared,"Cooperative Community Development Inc\Johnny Martin Jr., CEO - Camera 1\MMZ_8036.JPG",website-media-filebase\05-clean-green\shared-Johnny-Martin-Jr.-CEO---Camera-1-MMZ_8036.JPG,image,.jpg,12148303,6048x4024,,Clean & Green / work action,Website-ready,Strong,Clean & Green,Services hero / work proof,Real team-in-action media.,media-library/05-clean-green/shared-Johnny-Martin-Jr.-CEO---Camera-1-MMZ_8036.jpg
shared,"Cooperative Community Development Inc\Johnny Martin Jr., CEO - Camera 1\MMZ_8036.NEF",,image,.nef,21949227,,,Clean & Green / work action,Archive,Unknown,Clean & Green,RAW edit source,RAW paired with JPG; keep original as edit source.,
shared,"Cooperative Community Development Inc\Johnny Martin Jr., CEO - Camera 1\MMZ_8037.JPG",website-media-filebase\05-clean-green\shared-Johnny-Martin-Jr.-CEO---Camera-1-MMZ_8037.JPG,image,.jpg,12040008,6048x4024,,Clean & Green / work action,Website-ready,Strong,Clean & Green,Services hero / work proof,Real team-in-action media.,media-library/05-clean-green/shared-Johnny-Martin-Jr.-CEO---Camera-1-MMZ_8037.jpg
shared,"Cooperative Community Development Inc\Johnny Martin Jr., CEO - Camera 1\MMZ_8037.NEF",,image,.nef,21943050,,,Clean & Green / work action,Archive,Unknown,Clean & Green,RAW edit source,RAW paired with JPG; keep original as edit source.,
shared,"Cooperative Community Development Inc\Johnny Martin Jr., CEO - Camera 1\MMZ_8038.JPG",website-media-filebase\05-clean-green\shared-Johnny-Martin-Jr.-CEO---Camera-1-MMZ_8038.JPG,image,.jpg,11981269,6048x4024,,Clean & Green / work action,Website-ready,Strong,Clean & Green,Services hero / work proof,Real team-in-action media.,media-library/05-clean-green/shared-Johnny-Martin-Jr.-CEO---Camera-1-MMZ_8038.jpg
shared,"Cooperative Community Development Inc\Johnny Martin Jr., CEO - Camera 1\MMZ_8038.NEF",,image,.nef,21766633,,,Clean & Green / work action,Archive,Unknown,Clean & Green,RAW edit source,RAW paired with JPG; keep original as edit source.,
shared,"Cooperative Community Development Inc\Johnny Martin Jr., CEO - Camera 1\MMZ_8039.JPG",website-media-filebase\05-clean-green\shared-Johnny-Martin-Jr.-CEO---Camera-1-MMZ_8039.JPG,image,.jpg,11852898,6048x4024,,Clean & Green / work action,Website-ready,Strong,Clean & Green,Services hero / work proof,Real team-in-action media.,media-library/05-clean-green/shared-Johnny-Martin-Jr.-CEO---Camera-1-MMZ_8039.jpg
shared,"Cooperative Community Development Inc\Johnny Martin Jr., CEO - Camera 1\MMZ_8039.NEF",,image,.nef,21834718,,,Clean & Green / work action,Archive,Unknown,Clean & Green,RAW edit source,RAW paired with JPG; keep original as edit source.,
shared,"Cooperative Community Development Inc\Johnny Martin Jr., CEO - Camera 1\MMZ_8040.JPG",website-media-filebase\05-clean-green\shared-Johnny-Martin-Jr.-CEO---Camera-1-MMZ_8040.JPG,image,.jpg,11780853,6048x4024,,Clean & Green / work action,Website-ready,Strong,Clean & Green,Services hero / work proof,Real team-in-action media.,media-library/05-clean-green/shared-Johnny-Martin-Jr.-CEO---Camera-1-MMZ_8040.jpg
shared,"Cooperative Community Development Inc\Johnny Martin Jr., CEO - Camera 1\MMZ_8040.NEF",,image,.nef,21761451,,,Clean & Green / work action,Archive,Unknown,Clean & Green,RAW edit source,RAW paired with JPG; keep original as edit source.,
shared,"Cooperative Community Development Inc\Johnny Martin Jr., CEO - Camera 1\MMZ_8041.JPG",website-media-filebase\05-clean-green\shared-Johnny-Martin-Jr.-CEO---Camera-1-MMZ_8041.JPG,image,.jpg,11661129,6048x4024,,Clean & Green / work action,Website-ready,Strong,Clean & Green,Services hero / work proof,Real team-in-action media.,media-library/05-clean-green/shared-Johnny-Martin-Jr.-CEO---Camera-1-MMZ_8041.jpg
shared,"Cooperative Community Development Inc\Johnny Martin Jr., CEO - Camera 1\MMZ_8041.NEF",,image,.nef,21806456,,,Clean & Green / work action,Archive,Unknown,Clean & Green,RAW edit source,RAW paired with JPG; keep original as edit source.,
shared,"Cooperative Community Development Inc\Johnny Martin Jr., CEO - Camera 1\MMZ_8042.JPG",website-media-filebase\05-clean-green\shared-Johnny-Martin-Jr.-CEO---Camera-1-MMZ_8042.JPG,image,.jpg,11465651,6048x4024,,Clean & Green / work action,Website-ready,Strong,Clean & Green,Services hero / work proof,Real team-in-action media.,media-library/05-clean-green/shared-Johnny-Martin-Jr.-CEO---Camera-1-MMZ_8042.jpg
shared,"Cooperative Community Development Inc\Johnny Martin Jr., CEO - Camera 1\MMZ_8042.NEF",,image,.nef,21864783,,,Clean & Green / work action,Archive,Unknown,Clean & Green,RAW edit source,RAW paired with JPG; keep original as edit source.,
shared,"Cooperative Community Development Inc\Johnny Martin Jr., CEO - Camera 1\MMZ_8043.JPG",website-media-filebase\05-clean-green\shared-Johnny-Martin-Jr.-CEO---Camera-1-MMZ_8043.JPG,image,.jpg,11184258,6048x4024,,Clean & Green / work action,Website-ready,Strong,Clean & Green,Services hero / work proof,Real team-in-action media.,media-library/05-clean-green/shared-Johnny-Martin-Jr.-CEO---Camera-1-MMZ_8043.jpg
shared,"Cooperative Community Development Inc\Johnny Martin Jr., CEO - Camera 1\MMZ_8043.NEF",,image,.nef,21679061,,,Clean & Green / work action,Archive,Unknown,Clean & Green,RAW edit source,RAW paired with JPG; keep original as edit source.,
shared,"Cooperative Community Development Inc\Johnny Martin Jr., CEO - Camera 1\MMZ_8044.JPG",website-media-filebase\05-clean-green\shared-Johnny-Martin-Jr.-CEO---Camera-1-MMZ_8044.JPG,image,.jpg,11537807,6048x4024,,Clean & Green / work action,Website-ready,Strong,Clean & Green,Services hero / work proof,Real team-in-action media.,media-library/05-clean-green/shared-Johnny-Martin-Jr.-CEO---Camera-1-MMZ_8044.jpg
shared,"Cooperative Community Development Inc\Johnny Martin Jr., CEO - Camera 1\MMZ_8044.NEF",,image,.nef,21861317,,,Clean & Green / work action,Archive,Unknown,Clean & Green,RAW edit source,RAW paired with JPG; keep original as edit source.,
shared,"Cooperative Community Development Inc\Johnny Martin Jr., CEO - Camera 1\MMZ_8045.JPG",website-media-filebase\05-clean-green\shared-Johnny-Martin-Jr.-CEO---Camera-1-MMZ_8045.JPG,image,.jpg,11533899,6048x4024,,Clean & Green / work action,Website-ready,Strong,Clean & Green,Services hero / work proof,Real team-in-action media.,media-library/05-clean-green/shared-Johnny-Martin-Jr.-CEO---Camera-1-MMZ_8045.jpg
shared,"Cooperative Community Development Inc\Johnny Martin Jr., CEO - Camera 1\MMZ_8045.NEF",,image,.nef,21801287,,,Clean & Green / work action,Archive,Unknown,Clean & Green,RAW edit source,RAW paired with JPG; keep original as edit source.,
shared,"Cooperative Community Development Inc\Johnny Martin Jr., CEO - Camera 1\MMZ_8046.JPG",website-media-filebase\05-clean-green\shared-Johnny-Martin-Jr.-CEO---Camera-1-MMZ_8046.JPG,image,.jpg,11449382,6048x4024,,Clean & Green / work action,Website-ready,Strong,Clean & Green,Services hero / work proof,Real team-in-action media.,media-library/05-clean-green/shared-Johnny-Martin-Jr.-CEO---Camera-1-MMZ_8046.jpg
shared,"Cooperative Community Development Inc\Johnny Martin Jr., CEO - Camera 1\MMZ_8046.NEF",,image,.nef,21746327,,,Clean & Green / work action,Archive,Unknown,Clean & Green,RAW edit source,RAW paired with JPG; keep original as edit source.,
shared,"Cooperative Community Development Inc\Johnny Martin Jr., CEO - Camera 1\MMZ_8047.JPG",website-media-filebase\05-clean-green\shared-Johnny-Martin-Jr.-CEO---Camera-1-MMZ_8047.JPG,image,.jpg,11360339,6048x4024,,Clean & Green / work action,Website-ready,Strong,Clean & Green,Services hero / work proof,Real team-in-action media.,media-library/05-clean-green/shared-Johnny-Martin-Jr.-CEO---Camera-1-MMZ_8047.jpg
shared,"Cooperative Community Development Inc\Johnny Martin Jr., CEO - Camera 1\MMZ_8047.NEF",,image,.nef,21843125,,,Clean & Green / work action,Archive,Unknown,Clean & Green,RAW edit source,RAW paired with JPG; keep original as edit source.,
shared,"Cooperative Community Development Inc\Johnny Martin Jr., CEO - Camera 1\MMZ_8048.JPG",website-media-filebase\05-clean-green\shared-Johnny-Martin-Jr.-CEO---Camera-1-MMZ_8048.JPG,image,.jpg,11234088,6048x4024,,Clean & Green / work action,Website-ready,Strong,Clean & Green,Services hero / work proof,Real team-in-action media.,media-library/05-clean-green/shared-Johnny-Martin-Jr.-CEO---Camera-1-MMZ_8048.jpg
shared,"Cooperative Community Development Inc\Johnny Martin Jr., CEO - Camera 1\MMZ_8048.NEF",,image,.nef,21745268,,,Clean & Green / work action,Archive,Unknown,Clean & Green,RAW edit source,RAW paired with JPG; keep original as edit source.,
shared,"Cooperative Community Development Inc\Johnny Martin Jr., CEO - Camera 1\MMZ_8049.JPG",website-media-filebase\05-clean-green\shared-Johnny-Martin-Jr.-CEO---Camera-1-MMZ_8049.JPG,image,.jpg,11075150,6048x4024,,Clean & Green / work action,Website-ready,Strong,Clean & Green,Services hero / work proof,Real team-in-action media.,media-library/05-clean-green/shared-Johnny-Martin-Jr.-CEO---Camera-1-MMZ_8049.jpg
shared,"Cooperative Community Development Inc\Johnny Martin Jr., CEO - Camera 1\MMZ_8049.NEF",,image,.nef,21787264,,,Clean & Green / work action,Archive,Unknown,Clean & Green,RAW edit source,RAW paired with JPG; keep original as edit source.,
shared,"Cooperative Community Development Inc\Johnny Martin Jr., CEO - Camera 1\MMZ_8050.JPG",,image,.jpg,10867955,6048x4024,,Unclassified image,Review-needed,Unknown,Review,Possible supporting media,No reliable folder signal; review manually.,
shared,"Cooperative Community Development Inc\Johnny Martin Jr., CEO - Camera 1\MMZ_8050.NEF",,image,.nef,21647242,,,RAW photo source,Archive,Unknown,Archive,Edit source,RAW file; use paired JPG first.,
shared,"Cooperative Community Development Inc\Johnny Martin Jr., CEO - Camera 1\MMZ_8051.JPG",,image,.jpg,10660556,6048x4024,,Unclassified image,Review-needed,Unknown,Review,Possible supporting media,No reliable folder signal; review manually.,
shared,"Cooperative Community Development Inc\Johnny Martin Jr., CEO - Camera 1\MMZ_8051.NEF",,image,.nef,21612859,,,RAW photo source,Archive,Unknown,Archive,Edit source,RAW file; use paired JPG first.,
shared,"Cooperative Community Development Inc\Johnny Martin Jr., CEO - Camera 1\MMZ_8052.JPG",,image,.jpg,10499810,6048x4024,,Unclassified image,Review-needed,Unknown,Review,Possible supporting media,No reliable folder signal; review manually.,
shared,"Cooperative Community Development Inc\Johnny Martin Jr., CEO - Camera 1\MMZ_8052.NEF",,image,.nef,21407467,,,RAW photo source,Archive,Unknown,Archive,Edit source,RAW file; use paired JPG first.,
shared,"Cooperative Community Development Inc\Johnny Martin Jr., CEO - Camera 1\MMZ_8053.JPG",,image,.jpg,12349004,6048x4024,,Unclassified image,Review-needed,Unknown,Review,Possible supporting media,No reliable folder signal; review manually.,
shared,"Cooperative Community Development Inc\Johnny Martin Jr., CEO - Camera 1\MMZ_8053.NEF",,image,.nef,21542740,,,RAW photo source,Archive,Unknown,Archive,Edit source,RAW file; use paired JPG first.,
shared,"Cooperative Community Development Inc\Johnny Martin Jr., CEO - Camera 1\MMZ_8054.JPG",,image,.jpg,12365937,6048x4024,,Unclassified image,Review-needed,Unknown,Review,Possible supporting media,No reliable folder signal; review manually.,
shared,"Cooperative Community Development Inc\Johnny Martin Jr., CEO - Camera 1\MMZ_8054.NEF",,image,.nef,21445759,,,RAW photo source,Archive,Unknown,Archive,Edit source,RAW file; use paired JPG first.,
shared,"Cooperative Community Development Inc\Johnny Martin Jr., CEO - Camera 1\MMZ_8055.JPG",,image,.jpg,11846452,6048x4024,,Unclassified image,Review-needed,Unknown,Review,Possible supporting media,No reliable folder signal; review manually.,
shared,"Cooperative Community Development Inc\Johnny Martin Jr., CEO - Camera 1\MMZ_8055.NEF",,image,.nef,21145402,,,RAW photo source,Archive,Unknown,Archive,Edit source,RAW file; use paired JPG first.,
shared,"Cooperative Community Development Inc\Johnny Martin Jr., CEO - Camera 1\MMZ_8056.JPG",,image,.jpg,11799288,6048x4024,,Unclassified image,Review-needed,Unknown,Review,Possible supporting media,No reliable folder signal; review manually.,
shared,"Cooperative Community Development Inc\Johnny Martin Jr., CEO - Camera 1\MMZ_8056.NEF",,image,.nef,21045186,,,RAW photo source,Archive,Unknown,Archive,Edit source,RAW file; use paired JPG first.,
shared,"Cooperative Community Development Inc\Johnny Martin Jr., CEO - Camera 1\MMZ_8057.JPG",,image,.jpg,12327829,6048x4024,,Unclassified image,Review-needed,Unknown,Review,Possible supporting media,No reliable folder signal; review manually.,
shared,"Cooperative Community Development Inc\Johnny Martin Jr., CEO - Camera 1\MMZ_8057.NEF",,image,.nef,21433788,,,RAW photo source,Archive,Unknown,Archive,Edit source,RAW file; use paired JPG first.,
shared,"Cooperative Community Development Inc\Johnny Martin Jr., CEO - Camera 1\MMZ_8058.JPG",,image,.jpg,12644254,6048x4024,,Unclassified image,Review-needed,Unknown,Review,Possible supporting media,No reliable folder signal; review manually.,
shared,"Cooperative Community Development Inc\Johnny Martin Jr., CEO - Camera 1\MMZ_8058.NEF",,image,.nef,21524747,,,RAW photo source,Archive,Unknown,Archive,Edit source,RAW file; use paired JPG first.,
shared,"Cooperative Community Development Inc\Johnny Martin Jr., CEO - Camera 1\MMZ_8059.JPG",,image,.jpg,12555508,6048x4024,,Unclassified image,Review-needed,Unknown,Review,Possible supporting media,No reliable folder signal; review manually.,
shared,"Cooperative Community Development Inc\Johnny Martin Jr., CEO - Camera 1\MMZ_8059.NEF",,image,.nef,21526083,,,RAW photo source,Archive,Unknown,Archive,Edit source,RAW file; use paired JPG first.,
shared,"Cooperative Community Development Inc\Johnny Martin Jr., CEO - Camera 1\MMZ_8060.JPG",,image,.jpg,12583012,6048x4024,,Unclassified image,Review-needed,Unknown,Review,Possible supporting media,No reliable folder signal; review manually.,
shared,"Cooperative Community Development Inc\Johnny Martin Jr., CEO - Camera 1\MMZ_8060.NEF",,image,.nef,21432212,,,RAW photo source,Archive,Unknown,Archive,Edit source,RAW file; use paired JPG first.,
shared,"Cooperative Community Development Inc\Johnny Martin Jr., CEO - Camera 1\MMZ_8061.JPG",,image,.jpg,12433355,6048x4024,,Unclassified image,Review-needed,Unknown,Review,Possible supporting media,No reliable folder signal; review manually.,
shared,"Cooperative Community Development Inc\Johnny Martin Jr., CEO - Camera 1\MMZ_8061.NEF",,image,.nef,21281695,,,RAW photo source,Archive,Unknown,Archive,Edit source,RAW file; use paired JPG first.,
shared,"Cooperative Community Development Inc\Johnny Martin Jr., CEO - Camera 1\MMZ_8062.JPG",,image,.jpg,12875691,6048x4024,,Unclassified image,Review-needed,Unknown,Review,Possible supporting media,No reliable folder signal; review manually.,
shared,"Cooperative Community Development Inc\Johnny Martin Jr., CEO - Camera 1\MMZ_8062.NEF",,image,.nef,21692905,,,RAW photo source,Archive,Unknown,Archive,Edit source,RAW file; use paired JPG first.,
shared,"Cooperative Community Development Inc\Johnny Martin Jr., CEO - Camera 1\MMZ_8063.JPG",,image,.jpg,13045572,6048x4024,,Unclassified image,Review-needed,Unknown,Review,Possible supporting media,No reliable folder signal; review manually.,
shared,"Cooperative Community Development Inc\Johnny Martin Jr., CEO - Camera 1\MMZ_8063.NEF",,image,.nef,21671094,,,RAW photo source,Archive,Unknown,Archive,Edit source,RAW file; use paired JPG first.,
shared,"Cooperative Community Development Inc\Johnny Martin Jr., CEO - Camera 1\MMZ_8064.JPG",,image,.jpg,12273833,6048x4024,,Unclassified image,Review-needed,Unknown,Review,Possible supporting media,No reliable folder signal; review manually.,
shared,"Cooperative Community Development Inc\Johnny Martin Jr., CEO - Camera 1\MMZ_8064.NEF",,image,.nef,21396372,,,RAW photo source,Archive,Unknown,Archive,Edit source,RAW file; use paired JPG first.,
shared,"Cooperative Community Development Inc\Johnny Martin Jr., CEO - Camera 1\MMZ_8065.JPG",,image,.jpg,12450778,6048x4024,,Unclassified image,Review-needed,Unknown,Review,Possible supporting media,No reliable folder signal; review manually.,
shared,"Cooperative Community Development Inc\Johnny Martin Jr., CEO - Camera 1\MMZ_8065.NEF",,image,.nef,21479834,,,RAW photo source,Archive,Unknown,Archive,Edit source,RAW file; use paired JPG first.,
shared,"Cooperative Community Development Inc\Johnny Martin Jr., CEO - Camera 1\MMZ_8066.JPG",,image,.jpg,12225736,6048x4024,,Unclassified image,Review-needed,Unknown,Review,Possible supporting media,No reliable folder signal; review manually.,
shared,"Cooperative Community Development Inc\Johnny Martin Jr., CEO - Camera 1\MMZ_8066.NEF",,image,.nef,21347656,,,RAW photo source,Archive,Unknown,Archive,Edit source,RAW file; use paired JPG first.,
shared,"Cooperative Community Development Inc\Johnny Martin Jr., CEO - Camera 1\MMZ_8067.JPG",,image,.jpg,12384856,6048x4024,,Unclassified image,Review-needed,Unknown,Review,Possible supporting media,No reliable folder signal; review manually.,
shared,"Cooperative Community Development Inc\Johnny Martin Jr., CEO - Camera 1\MMZ_8067.NEF",,image,.nef,21467330,,,RAW photo source,Archive,Unknown,Archive,Edit source,RAW file; use paired JPG first.,
shared,"Cooperative Community Development Inc\Johnny Martin Jr., CEO - Camera 1\MMZ_8068.JPG",,image,.jpg,12420606,6048x4024,,Unclassified image,Review-needed,Unknown,Review,Possible supporting media,No reliable folder signal; review manually.,
shared,"Cooperative Community Development Inc\Johnny Martin Jr., CEO - Camera 1\MMZ_8068.NEF",,image,.nef,21443794,,,RAW photo source,Archive,Unknown,Archive,Edit source,RAW file; use paired JPG first.,
shared,"Cooperative Community Development Inc\Johnny Martin Jr., CEO - Camera 1\MMZ_8069.JPG",,image,.jpg,12430944,6048x4024,,Unclassified image,Review-needed,Unknown,Review,Possible supporting media,No reliable folder signal; review manually.,
shared,"Cooperative Community Development Inc\Johnny Martin Jr., CEO - Camera 1\MMZ_8069.NEF",,image,.nef,21499505,,,RAW photo source,Archive,Unknown,Archive,Edit source,RAW file; use paired JPG first.,
shared,"Cooperative Community Development Inc\Johnny Martin Jr., CEO - Camera 1\MMZ_8070.JPG",,image,.jpg,12436131,6048x4024,,Unclassified image,Review-needed,Unknown,Review,Possible supporting media,No reliable folder signal; review manually.,
shared,"Cooperative Community Development Inc\Johnny Martin Jr., CEO - Camera 1\MMZ_8070.NEF",,image,.nef,21435022,,,RAW photo source,Archive,Unknown,Archive,Edit source,RAW file; use paired JPG first.,
shared,"Cooperative Community Development Inc\Johnny Martin Jr., CEO - Camera 1\MMZ_8071.JPG",,image,.jpg,12130076,6048x4024,,Unclassified image,Review-needed,Unknown,Review,Possible supporting media,No reliable folder signal; review manually.,
shared,"Cooperative Community Development Inc\Johnny Martin Jr., CEO - Camera 1\MMZ_8071.NEF",,image,.nef,21273824,,,RAW photo source,Archive,Unknown,Archive,Edit source,RAW file; use paired JPG first.,
shared,"Cooperative Community Development Inc\Johnny Martin Jr., CEO - Camera 1\MMZ_8072.JPG",,image,.jpg,11328698,6048x4024,,Unclassified image,Review-needed,Unknown,Review,Possible supporting media,No reliable folder signal; review manually.,
shared,"Cooperative Community Development Inc\Johnny Martin Jr., CEO - Camera 1\MMZ_8072.NEF",,image,.nef,20346941,,,RAW photo source,Archive,Unknown,Archive,Edit source,RAW file; use paired JPG first.,
shared,"Cooperative Community Development Inc\Johnny Martin Jr., CEO - Camera 1\MMZ_8073.JPG",,image,.jpg,11944841,6048x4024,,Unclassified image,Review-needed,Unknown,Review,Possible supporting media,No reliable folder signal; review manually.,
shared,"Cooperative Community Development Inc\Johnny Martin Jr., CEO - Camera 1\MMZ_8073.NEF",,image,.nef,20700974,,,RAW photo source,Archive,Unknown,Archive,Edit source,RAW file; use paired JPG first.,
shared,"Cooperative Community Development Inc\Johnny Martin Jr., CEO - Camera 1\MMZ_8074.JPG",,image,.jpg,11956584,6048x4024,,Unclassified image,Review-needed,Unknown,Review,Possible supporting media,No reliable folder signal; review manually.,
shared,"Cooperative Community Development Inc\Johnny Martin Jr., CEO - Camera 1\MMZ_8074.NEF",,image,.nef,20602632,,,RAW photo source,Archive,Unknown,Archive,Edit source,RAW file; use paired JPG first.,
shared,"Cooperative Community Development Inc\Johnny Martin Jr., CEO - Camera 1\MMZ_8075.JPG",,image,.jpg,11750430,6048x4024,,Unclassified image,Review-needed,Unknown,Review,Possible supporting media,No reliable folder signal; review manually.,
shared,"Cooperative Community Development Inc\Johnny Martin Jr., CEO - Camera 1\MMZ_8075.NEF",,image,.nef,20363495,,,RAW photo source,Archive,Unknown,Archive,Edit source,RAW file; use paired JPG first.,
shared,"Cooperative Community Development Inc\Johnny Martin Jr., CEO - Camera 1\MMZ_8076.JPG",,image,.jpg,12020383,6048x4024,,Unclassified image,Review-needed,Unknown,Review,Possible supporting media,No reliable folder signal; review manually.,
shared,"Cooperative Community Development Inc\Johnny Martin Jr., CEO - Camera 1\MMZ_8076.NEF",,image,.nef,20191262,,,RAW photo source,Archive,Unknown,Archive,Edit source,RAW file; use paired JPG first.,
shared,"Cooperative Community Development Inc\Johnny Martin Jr., CEO - Camera 1\MMZ_8077.JPG",,image,.jpg,11677480,6048x4024,,Unclassified image,Review-needed,Unknown,Review,Possible supporting media,No reliable folder signal; review manually.,
shared,"Cooperative Community Development Inc\Johnny Martin Jr., CEO - Camera 1\MMZ_8077.NEF",,image,.nef,19999124,,,RAW photo source,Archive,Unknown,Archive,Edit source,RAW file; use paired JPG first.,
shared,"Cooperative Community Development Inc\Johnny Martin Jr., CEO - Camera 1\MMZ_8078.JPG",,image,.jpg,11999089,6048x4024,,Unclassified image,Review-needed,Unknown,Review,Possible supporting media,No reliable folder signal; review manually.,
shared,"Cooperative Community Development Inc\Johnny Martin Jr., CEO - Camera 1\MMZ_8078.NEF",,image,.nef,20131059,,,RAW photo source,Archive,Unknown,Archive,Edit source,RAW file; use paired JPG first.,
shared,"Cooperative Community Development Inc\Johnny Martin Jr., CEO - Camera 1\MMZ_8079.JPG",,image,.jpg,11639883,6048x4024,,Unclassified image,Review-needed,Unknown,Review,Possible supporting media,No reliable folder signal; review manually.,
shared,"Cooperative Community Development Inc\Johnny Martin Jr., CEO - Camera 1\MMZ_8079.NEF",,image,.nef,19773033,,,RAW photo source,Archive,Unknown,Archive,Edit source,RAW file; use paired JPG first.,
shared,"Cooperative Community Development Inc\Johnny Martin Jr., CEO - Camera 1\MMZ_8080.JPG",,image,.jpg,11873116,6048x4024,,Unclassified image,Review-needed,Unknown,Review,Possible supporting media,No reliable folder signal; review manually.,
shared,"Cooperative Community Development Inc\Johnny Martin Jr., CEO - Camera 1\MMZ_8080.NEF",,image,.nef,19811208,,,RAW photo source,Archive,Unknown,Archive,Edit source,RAW file; use paired JPG first.,
shared,"Cooperative Community Development Inc\Johnny Martin Jr., CEO - Camera 1\MMZ_8081.JPG",,image,.jpg,12150669,6048x4024,,Unclassified image,Review-needed,Unknown,Review,Possible supporting media,No reliable folder signal; review manually.,
shared,"Cooperative Community Development Inc\Johnny Martin Jr., CEO - Camera 1\MMZ_8081.NEF",,image,.nef,19828127,,,RAW photo source,Archive,Unknown,Archive,Edit source,RAW file; use paired JPG first.,
shared,"Cooperative Community Development Inc\Johnny Martin Jr., CEO - Camera 1\MMZ_8082.JPG",,image,.jpg,12236889,6048x4024,,Unclassified image,Review-needed,Unknown,Review,Possible supporting media,No reliable folder signal; review manually.,
shared,"Cooperative Community Development Inc\Johnny Martin Jr., CEO - Camera 1\MMZ_8082.NEF",,image,.nef,19846769,,,RAW photo source,Archive,Unknown,Archive,Edit source,RAW file; use paired JPG first.,
shared,"Cooperative Community Development Inc\Johnny Martin Jr., CEO - Camera 1\MMZ_8083.JPG",,image,.jpg,12064570,6048x4024,,Unclassified image,Review-needed,Unknown,Review,Possible supporting media,No reliable folder signal; review manually.,
shared,"Cooperative Community Development Inc\Johnny Martin Jr., CEO - Camera 1\MMZ_8083.NEF",,image,.nef,19673846,,,RAW photo source,Archive,Unknown,Archive,Edit source,RAW file; use paired JPG first.,
shared,"Cooperative Community Development Inc\Johnny Martin Jr., CEO - Camera 1\MMZ_8084.JPG",,image,.jpg,12361998,6048x4024,,Unclassified image,Review-needed,Unknown,Review,Possible supporting media,No reliable folder signal; review manually.,
shared,"Cooperative Community Development Inc\Johnny Martin Jr., CEO - Camera 1\MMZ_8084.NEF",,image,.nef,20050596,,,RAW photo source,Archive,Unknown,Archive,Edit source,RAW file; use paired JPG first.,
shared,"Cooperative Community Development Inc\Johnny Martin Jr., CEO - Camera 1\MMZ_8085.JPG",,image,.jpg,12266481,6048x4024,,Unclassified image,Review-needed,Unknown,Review,Possible supporting media,No reliable folder signal; review manually.,
shared,"Cooperative Community Development Inc\Johnny Martin Jr., CEO - Camera 1\MMZ_8085.NEF",,image,.nef,19942071,,,RAW photo source,Archive,Unknown,Archive,Edit source,RAW file; use paired JPG first.,
shared,"Cooperative Community Development Inc\Johnny Martin Jr., CEO - Camera 1\MMZ_8086.JPG",,image,.jpg,12535350,6048x4024,,Unclassified image,Review-needed,Unknown,Review,Possible supporting media,No reliable folder signal; review manually.,
shared,"Cooperative Community Development Inc\Johnny Martin Jr., CEO - Camera 1\MMZ_8086.NEF",,image,.nef,20002621,,,RAW photo source,Archive,Unknown,Archive,Edit source,RAW file; use paired JPG first.,
shared,"Cooperative Community Development Inc\Johnny Martin Jr., CEO - Camera 1\MMZ_8087.JPG",,image,.jpg,12527963,6048x4024,,Unclassified image,Review-needed,Unknown,Review,Possible supporting media,No reliable folder signal; review manually.,
shared,"Cooperative Community Development Inc\Johnny Martin Jr., CEO - Camera 1\MMZ_8087.NEF",,image,.nef,19984874,,,RAW photo source,Archive,Unknown,Archive,Edit source,RAW file; use paired JPG first.,
shared,"Cooperative Community Development Inc\Johnny Martin Jr., CEO - Camera 1\MMZ_8088.JPG",,image,.jpg,12950661,6048x4024,,Unclassified image,Review-needed,Unknown,Review,Possible supporting media,No reliable folder signal; review manually.,
shared,"Cooperative Community Development Inc\Johnny Martin Jr., CEO - Camera 1\MMZ_8088.NEF",,image,.nef,20076883,,,RAW photo source,Archive,Unknown,Archive,Edit source,RAW file; use paired JPG first.,
shared,"Cooperative Community Development Inc\Johnny Martin Jr., CEO - Camera 1\MMZ_8089.JPG",,image,.jpg,13219948,6048x4024,,Unclassified image,Review-needed,Unknown,Review,Possible supporting media,No reliable folder signal; review manually.,
shared,"Cooperative Community Development Inc\Johnny Martin Jr., CEO - Camera 1\MMZ_8089.NEF",,image,.nef,20248392,,,RAW photo source,Archive,Unknown,Archive,Edit source,RAW file; use paired JPG first.,
shared,"Cooperative Community Development Inc\Johnny Martin Jr., CEO - Camera 1\MMZ_8090.JPG",,image,.jpg,13094790,6048x4024,,Unclassified image,Review-needed,Unknown,Review,Possible supporting media,No reliable folder signal; review manually.,
shared,"Cooperative Community Development Inc\Johnny Martin Jr., CEO - Camera 1\MMZ_8090.NEF",,image,.nef,20115453,,,RAW photo source,Archive,Unknown,Archive,Edit source,RAW file; use paired JPG first.,
shared,"Cooperative Community Development Inc\Johnny Martin Jr., CEO - Camera 1\MMZ_8091.JPG",,image,.jpg,12946663,6048x4024,,Unclassified image,Review-needed,Unknown,Review,Possible supporting media,No reliable folder signal; review manually.,
shared,"Cooperative Community Development Inc\Johnny Martin Jr., CEO - Camera 1\MMZ_8091.NEF",,image,.nef,19948424,,,RAW photo source,Archive,Unknown,Archive,Edit source,RAW file; use paired JPG first.,
shared,"Cooperative Community Development Inc\Johnny Martin Jr., CEO - Camera 1\MMZ_8092.JPG",,image,.jpg,13094816,6048x4024,,Unclassified image,Review-needed,Unknown,Review,Possible supporting media,No reliable folder signal; review manually.,
shared,"Cooperative Community Development Inc\Johnny Martin Jr., CEO - Camera 1\MMZ_8092.NEF",,image,.nef,20020684,,,RAW photo source,Archive,Unknown,Archive,Edit source,RAW file; use paired JPG first.,
shared,"Cooperative Community Development Inc\Johnny Martin Jr., CEO - Camera 1\MMZ_8093.JPG",,image,.jpg,13037979,6048x4024,,Unclassified image,Review-needed,Unknown,Review,Possible supporting media,No reliable folder signal; review manually.,
shared,"Cooperative Community Development Inc\Johnny Martin Jr., CEO - Camera 1\MMZ_8093.NEF",,image,.nef,19997775,,,RAW photo source,Archive,Unknown,Archive,Edit source,RAW file; use paired JPG first.,
shared,"Cooperative Community Development Inc\Johnny Martin Jr., CEO - Camera 1\MMZ_8094.JPG",,image,.jpg,13062751,6048x4024,,Unclassified image,Review-needed,Unknown,Review,Possible supporting media,No reliable folder signal; review manually.,
shared,"Cooperative Community Development Inc\Johnny Martin Jr., CEO - Camera 1\MMZ_8094.NEF",,image,.nef,19886740,,,RAW photo source,Archive,Unknown,Archive,Edit source,RAW file; use paired JPG first.,
shared,"Cooperative Community Development Inc\Johnny Martin Jr., CEO - Camera 1\MMZ_8095.JPG",,image,.jpg,13041291,6048x4024,,Unclassified image,Review-needed,Unknown,Review,Possible supporting media,No reliable folder signal; review manually.,
shared,"Cooperative Community Development Inc\Johnny Martin Jr., CEO - Camera 1\MMZ_8095.NEF",,image,.nef,19947930,,,RAW photo source,Archive,Unknown,Archive,Edit source,RAW file; use paired JPG first.,
shared,"Cooperative Community Development Inc\Johnny Martin Jr., CEO - Camera 1\MMZ_8096.JPG",,image,.jpg,9370796,6048x4024,,Unclassified image,Review-needed,Unknown,Review,Possible supporting media,No reliable folder signal; review manually.,
shared,"Cooperative Community Development Inc\Johnny Martin Jr., CEO - Camera 1\MMZ_8096.NEF",,image,.nef,18444958,,,RAW photo source,Archive,Unknown,Archive,Edit source,RAW file; use paired JPG first.,
shared,"Cooperative Community Development Inc\Johnny Martin Jr., CEO - Camera 1\MMZ_8097.JPG",,image,.jpg,9371088,6048x4024,,Unclassified image,Review-needed,Unknown,Review,Possible supporting media,No reliable folder signal; review manually.,
shared,"Cooperative Community Development Inc\Johnny Martin Jr., CEO - Camera 1\MMZ_8097.NEF",,image,.nef,18325421,,,RAW photo source,Archive,Unknown,Archive,Edit source,RAW file; use paired JPG first.,
shared,"Cooperative Community Development Inc\Johnny Martin Jr., CEO - Camera 1\MMZ_8098.JPG",,image,.jpg,9349070,6048x4024,,Unclassified image,Review-needed,Unknown,Review,Possible supporting media,No reliable folder signal; review manually.,
shared,"Cooperative Community Development Inc\Johnny Martin Jr., CEO - Camera 1\MMZ_8098.NEF",,image,.nef,18337291,,,RAW photo source,Archive,Unknown,Archive,Edit source,RAW file; use paired JPG first.,
shared,"Cooperative Community Development Inc\Johnny Martin Jr., CEO - Camera 1\MMZ_8099.JPG",,image,.jpg,9380263,6048x4024,,Unclassified image,Review-needed,Unknown,Review,Possible supporting media,No reliable folder signal; review manually.,
shared,"Cooperative Community Development Inc\Johnny Martin Jr., CEO - Camera 1\MMZ_8099.NEF",,image,.nef,18233119,,,RAW photo source,Archive,Unknown,Archive,Edit source,RAW file; use paired JPG first.,
shared,"Cooperative Community Development Inc\Johnny Martin Jr., CEO - Camera 1\MMZ_8100.JPG",,image,.jpg,9036276,6048x4024,,Unclassified image,Review-needed,Unknown,Review,Possible supporting media,No reliable folder signal; review manually.,
shared,"Cooperative Community Development Inc\Johnny Martin Jr., CEO - Camera 1\MMZ_8100.NEF",,image,.nef,18348695,,,RAW photo source,Archive,Unknown,Archive,Edit source,RAW file; use paired JPG first.,
shared,"Cooperative Community Development Inc\Johnny Martin Jr., CEO - Camera 1\MMZ_8101.JPG",,image,.jpg,8976310,6048x4024,,Unclassified image,Review-needed,Unknown,Review,Possible supporting media,No reliable folder signal; review manually.,
shared,"Cooperative Community Development Inc\Johnny Martin Jr., CEO - Camera 1\MMZ_8101.NEF",,image,.nef,18234021,,,RAW photo source,Archive,Unknown,Archive,Edit source,RAW file; use paired JPG first.,
shared,"Cooperative Community Development Inc\Johnny Martin Jr., CEO - Camera 1\MMZ_8102.JPG",,image,.jpg,8926872,6048x4024,,Unclassified image,Review-needed,Unknown,Review,Possible supporting media,No reliable folder signal; review manually.,
shared,"Cooperative Community Development Inc\Johnny Martin Jr., CEO - Camera 1\MMZ_8102.NEF",,image,.nef,18212590,,,RAW photo source,Archive,Unknown,Archive,Edit source,RAW file; use paired JPG first.,
shared,"Cooperative Community Development Inc\Johnny Martin Jr., CEO - Camera 1\MMZ_8103.JPG",,image,.jpg,9093859,6048x4024,,Unclassified image,Review-needed,Unknown,Review,Possible supporting media,No reliable folder signal; review manually.,
shared,"Cooperative Community Development Inc\Johnny Martin Jr., CEO - Camera 1\MMZ_8103.NEF",,image,.nef,18314279,,,RAW photo source,Archive,Unknown,Archive,Edit source,RAW file; use paired JPG first.,
shared,"Cooperative Community Development Inc\Johnny Martin Jr., CEO - Camera 1\MMZ_8104.JPG",,image,.jpg,9598683,6048x4024,,Unclassified image,Review-needed,Unknown,Review,Possible supporting media,No reliable folder signal; review manually.,
shared,"Cooperative Community Development Inc\Johnny Martin Jr., CEO - Camera 1\MMZ_8104.NEF",,image,.nef,18726533,,,RAW photo source,Archive,Unknown,Archive,Edit source,RAW file; use paired JPG first.,
shared,"Cooperative Community Development Inc\Johnny Martin Jr., CEO - Camera 1\MMZ_8105.JPG",,image,.jpg,9586548,6048x4024,,Unclassified image,Review-needed,Unknown,Review,Possible supporting media,No reliable folder signal; review manually.,
shared,"Cooperative Community Development Inc\Johnny Martin Jr., CEO - Camera 1\MMZ_8106.JPG",,image,.jpg,11465699,6048x4024,,Unclassified image,Review-needed,Unknown,Review,Possible supporting media,No reliable folder signal; review manually.,
shared,"Cooperative Community Development Inc\Johnny Martin Jr., CEO - Camera 1\MMZ_8107.JPG",,image,.jpg,11225768,6048x4024,,Unclassified image,Review-needed,Unknown,Review,Possible supporting media,No reliable folder signal; review manually.,
shared,"Cooperative Community Development Inc\Johnny Martin Jr., CEO - Camera 1\MMZ_8107.NEF",,image,.nef,21541955,,,RAW photo source,Archive,Unknown,Archive,Edit source,RAW file; use paired JPG first.,
shared,"Cooperative Community Development Inc\Johnny Martin Jr., CEO - Camera 1\MMZ_8108.JPG",,image,.jpg,10972142,6048x4024,,Unclassified image,Review-needed,Unknown,Review,Possible supporting media,No reliable folder signal; review manually.,
shared,"Cooperative Community Development Inc\Johnny Martin Jr., CEO - Camera 1\MMZ_8108.NEF",,image,.nef,21527885,,,RAW photo source,Archive,Unknown,Archive,Edit source,RAW file; use paired JPG first.,
shared,"Cooperative Community Development Inc\Johnny Martin Jr., CEO - Camera 1\MMZ_8109.JPG",,image,.jpg,10945831,6048x4024,,Unclassified image,Review-needed,Unknown,Review,Possible supporting media,No reliable folder signal; review manually.,
shared,"Cooperative Community Development Inc\Johnny Martin Jr., CEO - Camera 1\MMZ_8109.NEF",,image,.nef,21441929,,,RAW photo source,Archive,Unknown,Archive,Edit source,RAW file; use paired JPG first.,
shared,"Cooperative Community Development Inc\Johnny Martin Jr., CEO - Camera 1\MMZ_8110.JPG",,image,.jpg,11554795,6048x4024,,Unclassified image,Review-needed,Unknown,Review,Possible supporting media,No reliable folder signal; review manually.,
shared,"Cooperative Community Development Inc\Johnny Martin Jr., CEO - Camera 1\MMZ_8110.NEF",,image,.nef,21504833,,,RAW photo source,Archive,Unknown,Archive,Edit source,RAW file; use paired JPG first.,
shared,"Cooperative Community Development Inc\Johnny Martin Jr., CEO - Camera 1\MMZ_8111.NEF",,image,.nef,21492845,,,RAW photo source,Archive,Unknown,Archive,Edit source,RAW file; use paired JPG first.,
shared,"Cooperative Community Development Inc\Johnny Martin Jr., CEO - Camera 1\MMZ_8112.JPG",,image,.jpg,9342731,6048x4024,,Unclassified image,Review-needed,Unknown,Review,Possible supporting media,No reliable folder signal; review manually.,
shared,"Cooperative Community Development Inc\Johnny Martin Jr., CEO - Camera 1\MMZ_8112.NEF",,image,.nef,21005030,,,RAW photo source,Archive,Unknown,Archive,Edit source,RAW file; use paired JPG first.,
shared,"Cooperative Community Development Inc\Johnny Martin Jr., CEO - Camera 1\MMZ_8113.JPG",,image,.jpg,9392474,6048x4024,,Unclassified image,Review-needed,Unknown,Review,Possible supporting media,No reliable folder signal; review manually.,
shared,"Cooperative Community Development Inc\Johnny Martin Jr., CEO - Camera 1\MMZ_8113.NEF",,image,.nef,20967006,,,RAW photo source,Archive,Unknown,Archive,Edit source,RAW file; use paired JPG first.,
shared,"Cooperative Community Development Inc\Johnny Martin Jr., CEO - Camera 1\MMZ_8114.JPG",,image,.jpg,9533594,6048x4024,,Unclassified image,Review-needed,Unknown,Review,Possible supporting media,No reliable folder signal; review manually.,
shared,"Cooperative Community Development Inc\Johnny Martin Jr., CEO - Camera 1\MMZ_8114.NEF",,image,.nef,21588464,,,RAW photo source,Archive,Unknown,Archive,Edit source,RAW file; use paired JPG first.,
shared,"Cooperative Community Development Inc\Johnny Martin Jr., CEO - Camera 1\MMZ_8115.JPG",,image,.jpg,9491097,6048x4024,,Unclassified image,Review-needed,Unknown,Review,Possible supporting media,No reliable folder signal; review manually.,
shared,"Cooperative Community Development Inc\Johnny Martin Jr., CEO - Camera 1\MMZ_8115.NEF",,image,.nef,21524619,,,RAW photo source,Archive,Unknown,Archive,Edit source,RAW file; use paired JPG first.,
shared,"Cooperative Community Development Inc\Johnny Martin Jr., CEO - Camera 1\MMZ_8116.JPG",,image,.jpg,9487999,6048x4024,,Unclassified image,Review-needed,Unknown,Review,Possible supporting media,No reliable folder signal; review manually.,
shared,"Cooperative Community Development Inc\Johnny Martin Jr., CEO - Camera 1\MMZ_8116.NEF",,image,.nef,21550810,,,RAW photo source,Archive,Unknown,Archive,Edit source,RAW file; use paired JPG first.,
shared,"Cooperative Community Development Inc\Johnny Martin Jr., CEO - Camera 1\MMZ_8120.JPG",,image,.jpg,12988501,6048x4024,,Unclassified image,Review-needed,Unknown,Review,Possible supporting media,No reliable folder signal; review manually.,
shared,"Cooperative Community Development Inc\Johnny Martin Jr., CEO - Camera 1\MMZ_8120.NEF",,image,.nef,22332874,,,RAW photo source,Archive,Unknown,Archive,Edit source,RAW file; use paired JPG first.,
shared,"Cooperative Community Development Inc\Johnny Martin Jr., CEO - Camera 1\MMZ_8121.JPG",,image,.jpg,12832762,6048x4024,,Unclassified image,Review-needed,Unknown,Review,Possible supporting media,No reliable folder signal; review manually.,
shared,"Cooperative Community Development Inc\Johnny Martin Jr., CEO - Camera 1\MMZ_8121.NEF",,image,.nef,22088719,,,RAW photo source,Archive,Unknown,Archive,Edit source,RAW file; use paired JPG first.,
shared,"Cooperative Community Development Inc\Johnny Martin Jr., CEO - Camera 1\MMZ_8122.JPG",,image,.jpg,14286449,6048x4024,,Unclassified image,Review-needed,Unknown,Review,Possible supporting media,No reliable folder signal; review manually.,
shared,"Cooperative Community Development Inc\Johnny Martin Jr., CEO - Camera 1\MMZ_8122.NEF",,image,.nef,22980794,,,RAW photo source,Archive,Unknown,Archive,Edit source,RAW file; use paired JPG first.,
shared,"Cooperative Community Development Inc\Johnny Martin Jr., CEO - Camera 1\MMZ_8123.JPG",,image,.jpg,14219676,6048x4024,,Unclassified image,Review-needed,Unknown,Review,Possible supporting media,No reliable folder signal; review manually.,
shared,"Cooperative Community Development Inc\Johnny Martin Jr., CEO - Camera 1\MMZ_8123.NEF",,image,.nef,22806362,,,RAW photo source,Archive,Unknown,Archive,Edit source,RAW file; use paired JPG first.,
shared,"Cooperative Community Development Inc\Johnny Martin Jr., CEO - Camera 1\MMZ_8124.JPG",,image,.jpg,14522941,6048x4024,,Unclassified image,Review-needed,Unknown,Review,Possible supporting media,No reliable folder signal; review manually.,
shared,"Cooperative Community Development Inc\Johnny Martin Jr., CEO - Camera 1\MMZ_8124.NEF",,image,.nef,22923965,,,RAW photo source,Archive,Unknown,Archive,Edit source,RAW file; use paired JPG first.,
shared,"Cooperative Community Development Inc\Johnny Martin Jr., CEO - Camera 1\MMZ_8125.JPG",,image,.jpg,14563454,6048x4024,,Unclassified image,Review-needed,Unknown,Review,Possible supporting media,No reliable folder signal; review manually.,
shared,"Cooperative Community Development Inc\Johnny Martin Jr., CEO - Camera 1\MMZ_8125.NEF",,image,.nef,22862332,,,RAW photo source,Archive,Unknown,Archive,Edit source,RAW file; use paired JPG first.,
shared,"Cooperative Community Development Inc\Johnny Martin Jr., CEO - Camera 1\MMZ_8126.JPG",,image,.jpg,13471550,6048x4024,,Unclassified image,Review-needed,Unknown,Review,Possible supporting media,No reliable folder signal; review manually.,
shared,"Cooperative Community Development Inc\Johnny Martin Jr., CEO - Camera 1\MMZ_8126.NEF",,image,.nef,22601828,,,RAW photo source,Archive,Unknown,Archive,Edit source,RAW file; use paired JPG first.,
shared,"Cooperative Community Development Inc\Johnny Martin Jr., CEO - Camera 1\MMZ_8127.JPG",,image,.jpg,13878887,6048x4024,,Unclassified image,Review-needed,Unknown,Review,Possible supporting media,No reliable folder signal; review manually.,
shared,"Cooperative Community Development Inc\Johnny Martin Jr., CEO - Camera 1\MMZ_8127.NEF",,image,.nef,20896071,,,RAW photo source,Archive,Unknown,Archive,Edit source,RAW file; use paired JPG first.,
shared,"Cooperative Community Development Inc\Johnny Martin Jr., CEO - Camera 1\MMZ_8128.JPG",,image,.jpg,12477513,6048x4024,,Unclassified image,Review-needed,Unknown,Review,Possible supporting media,No reliable folder signal; review manually.,
shared,"Cooperative Community Development Inc\Johnny Martin Jr., CEO - Camera 1\MMZ_8128.NEF",,image,.nef,21332700,,,RAW photo source,Archive,Unknown,Archive,Edit source,RAW file; use paired JPG first.,
shared,"Cooperative Community Development Inc\Johnny Martin Jr., CEO - Camera 1\MMZ_8129.JPG",,image,.jpg,13267697,6048x4024,,Unclassified image,Review-needed,Unknown,Review,Possible supporting media,No reliable folder signal; review manually.,
shared,"Cooperative Community Development Inc\Johnny Martin Jr., CEO - Camera 1\MMZ_8129.NEF",,image,.nef,22996766,,,RAW photo source,Archive,Unknown,Archive,Edit source,RAW file; use paired JPG first.,
shared,"Cooperative Community Development Inc\Johnny Martin Jr., CEO - Camera 1\MMZ_8130.JPG",,image,.jpg,13102372,6048x4024,,Unclassified image,Review-needed,Unknown,Review,Possible supporting media,No reliable folder signal; review manually.,
shared,"Cooperative Community Development Inc\Johnny Martin Jr., CEO - Camera 1\MMZ_8130.NEF",,image,.nef,22943738,,,RAW photo source,Archive,Unknown,Archive,Edit source,RAW file; use paired JPG first.,
shared,"Cooperative Community Development Inc\Johnny Martin Jr., CEO - Camera 1\MMZ_8131.JPG",,image,.jpg,13209307,6048x4024,,Unclassified image,Review-needed,Unknown,Review,Possible supporting media,No reliable folder signal; review manually.,
shared,"Cooperative Community Development Inc\Johnny Martin Jr., CEO - Camera 1\MMZ_8131.NEF",,image,.nef,23159121,,,RAW photo source,Archive,Unknown,Archive,Edit source,RAW file; use paired JPG first.,
shared,"Cooperative Community Development Inc\Johnny Martin Jr., CEO - Camera 1\MMZ_8132.JPG",,image,.jpg,13292958,6048x4024,,Unclassified image,Review-needed,Unknown,Review,Possible supporting media,No reliable folder signal; review manually.,
shared,"Cooperative Community Development Inc\Johnny Martin Jr., CEO - Camera 1\MMZ_8132.NEF",,image,.nef,23238360,,,RAW photo source,Archive,Unknown,Archive,Edit source,RAW file; use paired JPG first.,
shared,"Cooperative Community Development Inc\Johnny Martin Jr., CEO - Camera 1\MMZ_8133.JPG",,image,.jpg,13684218,6048x4024,,Unclassified image,Review-needed,Unknown,Review,Possible supporting media,No reliable folder signal; review manually.,
shared,"Cooperative Community Development Inc\Johnny Martin Jr., CEO - Camera 1\MMZ_8133.NEF",,image,.nef,23583138,,,RAW photo source,Archive,Unknown,Archive,Edit source,RAW file; use paired JPG first.,
shared,"Cooperative Community Development Inc\Johnny Martin Jr., CEO - Camera 1\MMZ_8134.JPG",,image,.jpg,14386328,6048x4024,,Unclassified image,Review-needed,Unknown,Review,Possible supporting media,No reliable folder signal; review manually.,
shared,"Cooperative Community Development Inc\Johnny Martin Jr., CEO - Camera 1\MMZ_8134.NEF",,image,.nef,22375666,,,RAW photo source,Archive,Unknown,Archive,Edit source,RAW file; use paired JPG first.,
shared,"Cooperative Community Development Inc\Johnny Martin Jr., CEO - Camera 1\MMZ_8135.JPG",,image,.jpg,14067353,6048x4024,,Unclassified image,Review-needed,Unknown,Review,Possible supporting media,No reliable folder signal; review manually.,
shared,"Cooperative Community Development Inc\Johnny Martin Jr., CEO - Camera 1\MMZ_8135.NEF",,image,.nef,22595767,,,RAW photo source,Archive,Unknown,Archive,Edit source,RAW file; use paired JPG first.,
shared,"Cooperative Community Development Inc\Johnny Martin Jr., CEO - Camera 1\MMZ_8136.JPG",,image,.jpg,13857029,6048x4024,,Unclassified image,Review-needed,Unknown,Review,Possible supporting media,No reliable folder signal; review manually.,
shared,"Cooperative Community Development Inc\Johnny Martin Jr., CEO - Camera 1\MMZ_8136.NEF",,image,.nef,22674078,,,RAW photo source,Archive,Unknown,Archive,Edit source,RAW file; use paired JPG first.,
shared,"Cooperative Community Development Inc\Johnny Martin Jr., CEO - Camera 1\MMZ_8137.JPG",,image,.jpg,13927993,6048x4024,,Unclassified image,Review-needed,Unknown,Review,Possible supporting media,No reliable folder signal; review manually.,
shared,"Cooperative Community Development Inc\Johnny Martin Jr., CEO - Camera 1\MMZ_8137.NEF",,image,.nef,22807772,,,RAW photo source,Archive,Unknown,Archive,Edit source,RAW file; use paired JPG first.,
shared,"Cooperative Community Development Inc\Johnny Martin Jr., CEO - Camera 1\MMZ_8141.JPG",,image,.jpg,9121066,6048x4024,,Unclassified image,Review-needed,Unknown,Review,Possible supporting media,No reliable folder signal; review manually.,
shared,"Cooperative Community Development Inc\Johnny Martin Jr., CEO - Camera 1\MMZ_8141.NEF",,image,.nef,20209409,,,RAW photo source,Archive,Unknown,Archive,Edit source,RAW file; use paired JPG first.,
shared,"Cooperative Community Development Inc\Johnny Martin Jr., CEO - Camera 1\MMZ_8142.JPG",,image,.jpg,7978691,6048x4024,,Unclassified image,Review-needed,Unknown,Review,Possible supporting media,No reliable folder signal; review manually.,
shared,"Cooperative Community Development Inc\Johnny Martin Jr., CEO - Camera 1\MMZ_8142.NEF",,image,.nef,20364480,,,RAW photo source,Archive,Unknown,Archive,Edit source,RAW file; use paired JPG first.,
shared,"Cooperative Community Development Inc\Johnny Martin Jr., CEO - Camera 1\MMZ_8143.JPG",,image,.jpg,8478045,6048x4024,,Unclassified image,Review-needed,Unknown,Review,Possible supporting media,No reliable folder signal; review manually.,
shared,"Cooperative Community Development Inc\Johnny Martin Jr., CEO - Camera 1\MMZ_8143.NEF",,image,.nef,20730323,,,RAW photo source,Archive,Unknown,Archive,Edit source,RAW file; use paired JPG first.,
shared,"Cooperative Community Development Inc\Johnny Martin Jr., CEO - Camera 1\MMZ_8144.JPG",,image,.jpg,6655188,6048x4024,,Unclassified image,Review-needed,Unknown,Review,Possible supporting media,No reliable folder signal; review manually.,
shared,"Cooperative Community Development Inc\Johnny Martin Jr., CEO - Camera 1\MMZ_8144.NEF",,image,.nef,18659672,,,RAW photo source,Archive,Unknown,Archive,Edit source,RAW file; use paired JPG first.,
shared,"Cooperative Community Development Inc\Johnny Martin Jr., CEO - Camera 1\MMZ_8145.JPG",,image,.jpg,6802219,6048x4024,,Unclassified image,Review-needed,Unknown,Review,Possible supporting media,No reliable folder signal; review manually.,
shared,"Cooperative Community Development Inc\Johnny Martin Jr., CEO - Camera 1\MMZ_8146.JPG",,image,.jpg,11711861,6048x4024,,Unclassified image,Review-needed,Unknown,Review,Possible supporting media,No reliable folder signal; review manually.,
shared,"Cooperative Community Development Inc\Johnny Martin Jr., CEO - Camera 1\MMZ_8147.NEF",,image,.nef,21333362,,,RAW photo source,Archive,Unknown,Archive,Edit source,RAW file; use paired JPG first.,
shared,"Cooperative Community Development Inc\Johnny Martin Jr., CEO - Camera 1\MMZ_8148.JPG",,image,.jpg,11211440,6048x4024,,Unclassified image,Review-needed,Unknown,Review,Possible supporting media,No reliable folder signal; review manually.,
shared,"Cooperative Community Development Inc\Johnny Martin Jr., CEO - Camera 1\MMZ_8148.NEF",,image,.nef,21392640,,,RAW photo source,Archive,Unknown,Archive,Edit source,RAW file; use paired JPG first.,
shared,"Cooperative Community Development Inc\Johnny Martin Jr., CEO - Camera 1\MMZ_8149.JPG",,image,.jpg,11353031,6048x4024,,Unclassified image,Review-needed,Unknown,Review,Possible supporting media,No reliable folder signal; review manually.,
shared,"Cooperative Community Development Inc\Johnny Martin Jr., CEO - Camera 1\MMZ_8149.NEF",,image,.nef,20151082,,,RAW photo source,Archive,Unknown,Archive,Edit source,RAW file; use paired JPG first.,
shared,"Cooperative Community Development Inc\Johnny Martin Jr., CEO - Camera 1\MMZ_8150.JPG",,image,.jpg,11350456,6048x4024,,Unclassified image,Review-needed,Unknown,Review,Possible supporting media,No reliable folder signal; review manually.,
shared,"Cooperative Community Development Inc\Johnny Martin Jr., CEO - Camera 1\MMZ_8150.NEF",,image,.nef,20694709,,,RAW photo source,Archive,Unknown,Archive,Edit source,RAW file; use paired JPG first.,
shared,"Cooperative Community Development Inc\Johnny Martin Jr., CEO - Camera 1\MMZ_8151.JPG",,image,.jpg,11419576,6048x4024,,Unclassified image,Review-needed,Unknown,Review,Possible supporting media,No reliable folder signal; review manually.,
shared,"Cooperative Community Development Inc\Johnny Martin Jr., CEO - Camera 1\MMZ_8151.NEF",,image,.nef,22014967,,,RAW photo source,Archive,Unknown,Archive,Edit source,RAW file; use paired JPG first.,
shared,"Cooperative Community Development Inc\Johnny Martin Jr., CEO - Camera 1\MMZ_8152.JPG",,image,.jpg,11256624,6048x4024,,Unclassified image,Review-needed,Unknown,Review,Possible supporting media,No reliable folder signal; review manually.,
shared,"Cooperative Community Development Inc\Johnny Martin Jr., CEO - Camera 1\MMZ_8152.NEF",,image,.nef,21555947,,,RAW photo source,Archive,Unknown,Archive,Edit source,RAW file; use paired JPG first.,
shared,"Cooperative Community Development Inc\Johnny Martin Jr., CEO - Camera 1\MMZ_8153.JPG",,image,.jpg,11285784,6048x4024,,Unclassified image,Review-needed,Unknown,Review,Possible supporting media,No reliable folder signal; review manually.,
shared,"Cooperative Community Development Inc\Johnny Martin Jr., CEO - Camera 1\MMZ_8153.NEF",,image,.nef,21747313,,,RAW photo source,Archive,Unknown,Archive,Edit source,RAW file; use paired JPG first.,
shared,"Cooperative Community Development Inc\Johnny Martin Jr., CEO - Camera 1\MMZ_8154.JPG",,image,.jpg,10758945,6048x4024,,Unclassified image,Review-needed,Unknown,Review,Possible supporting media,No reliable folder signal; review manually.,
shared,"Cooperative Community Development Inc\Johnny Martin Jr., CEO - Camera 1\MMZ_8154.NEF",,image,.nef,21043820,,,RAW photo source,Archive,Unknown,Archive,Edit source,RAW file; use paired JPG first.,
shared,"Cooperative Community Development Inc\Johnny Martin Jr., CEO - Camera 1\MMZ_8161.JPG",,image,.jpg,10491993,6048x4024,,Unclassified image,Review-needed,Unknown,Review,Possible supporting media,No reliable folder signal; review manually.,
shared,"Cooperative Community Development Inc\Johnny Martin Jr., CEO - Camera 1\MMZ_8161.NEF",,image,.nef,22672909,,,RAW photo source,Archive,Unknown,Archive,Edit source,RAW file; use paired JPG first.,
shared,"Cooperative Community Development Inc\Johnny Martin Jr., CEO - Camera 1\MMZ_8162.JPG",,image,.jpg,10570930,6048x4024,,Unclassified image,Review-needed,Unknown,Review,Possible supporting media,No reliable folder signal; review manually.,
shared,"Cooperative Community Development Inc\Johnny Martin Jr., CEO - Camera 1\MMZ_8162.NEF",,image,.nef,22573215,,,RAW photo source,Archive,Unknown,Archive,Edit source,RAW file; use paired JPG first.,
shared,"Cooperative Community Development Inc\Johnny Martin Jr., CEO - Camera 1\MMZ_8163.JPG",,image,.jpg,11020179,6048x4024,,Unclassified image,Review-needed,Unknown,Review,Possible supporting media,No reliable folder signal; review manually.,
shared,"Cooperative Community Development Inc\Johnny Martin Jr., CEO - Camera 1\MMZ_8163.NEF",,image,.nef,23321722,,,RAW photo source,Archive,Unknown,Archive,Edit source,RAW file; use paired JPG first.,
shared,"Cooperative Community Development Inc\Johnny Martin Jr., CEO - Camera 1\MMZ_8164.JPG",,image,.jpg,12457958,6048x4024,,Unclassified image,Review-needed,Unknown,Review,Possible supporting media,No reliable folder signal; review manually.,
shared,"Cooperative Community Development Inc\Johnny Martin Jr., CEO - Camera 1\MMZ_8164.NEF",,image,.nef,23268987,,,RAW photo source,Archive,Unknown,Archive,Edit source,RAW file; use paired JPG first.,
shared,"Cooperative Community Development Inc\Johnny Martin Jr., CEO - Camera 1\MZ6_7977.MP4",,video,.mp4,1639204983,,,Unclassified video,Review-needed,Unknown,Review,Possible b-roll,No reliable folder signal; review manually.,
shared,"Cooperative Community Development Inc\Johnny Martin Jr., CEO - Camera 1\MZ6_7978.MP4",,video,.mp4,544141263,,,Unclassified video,Review-needed,Unknown,Review,Possible b-roll,No reliable folder signal; review manually.,
shared,"Cooperative Community Development Inc\Johnny Martin Jr., CEO - Camera 1\MZ6_7979.MP4",,video,.mp4,215327032,3840x2160,6.0,Unclassified video,Review-needed,Unknown,Review,Possible b-roll,No reliable folder signal; review manually.,
shared,"Cooperative Community Development Inc\Johnny Martin Jr., CEO - Camera 1\MZ6_7980.MP4",,video,.mp4,1034611735,,,Unclassified video,Review-needed,Unknown,Review,Possible b-roll,No reliable folder signal; review manually.,
shared,"Cooperative Community Development Inc\Johnny Martin Jr., CEO - Camera 1\MZ6_7981.MP4",,video,.mp4,426429328,,,Unclassified video,Review-needed,Unknown,Review,Possible b-roll,No reliable folder signal; review manually.,
shared,"Cooperative Community Development Inc\Johnny Martin Jr., CEO - Camera 1\MZ6_7982.MP4",,video,.mp4,811010579,,,Unclassified video,Review-needed,Unknown,Review,Possible b-roll,No reliable folder signal; review manually.,
shared,"Cooperative Community Development Inc\Johnny Martin Jr., CEO - Camera 1\MZ6_7983.MP4",,video,.mp4,693393504,,,Unclassified video,Review-needed,Unknown,Review,Possible b-roll,No reliable folder signal; review manually.,
shared,"Cooperative Community Development Inc\Johnny Martin Jr., CEO - Camera 1\MZ6_7984.MP4",,video,.mp4,365453613,,,Unclassified video,Review-needed,Unknown,Review,Possible b-roll,No reliable folder signal; review manually.,
shared,"Cooperative Community Development Inc\Johnny Martin Jr., CEO - Camera 1\MZ6_7985.MP4",,video,.mp4,260903228,3840x2160,6.0,Unclassified video,Review-needed,Unknown,Review,Possible b-roll,No reliable folder signal; review manually.,
shared,"Cooperative Community Development Inc\Johnny Martin Jr., CEO - Camera 1\MZ6_7986.MP4",,video,.mp4,149475181,3840x2160,5.0,Unclassified video,Review-needed,Unknown,Review,Possible b-roll,No reliable folder signal; review manually.,
shared,"Cooperative Community Development Inc\Johnny Martin Jr., CEO - Camera 1\MZ6_7987.MP4",,video,.mp4,257397111,3840x2160,7.0,Unclassified video,Review-needed,Unknown,Review,Possible b-roll,No reliable folder signal; review manually.,
shared,"Cooperative Community Development Inc\Johnny Martin Jr., CEO - Camera 1\MZ6_7988.MP4",,video,.mp4,119152840,3840x2160,4.0,Unclassified video,Review-needed,Unknown,Review,Possible b-roll,No reliable folder signal; review manually.,
shared,"Cooperative Community Development Inc\Johnny Martin Jr., CEO - Camera 1\MZ6_7989.MP4",,video,.mp4,333342649,3840x2160,8.0,Unclassified video,Review-needed,Unknown,Review,Possible b-roll,No reliable folder signal; review manually.,
shared,"Cooperative Community Development Inc\Johnny Martin Jr., CEO - Camera 1\MZ6_7990.MP4",,video,.mp4,496676599,,,Unclassified video,Review-needed,Unknown,Review,Possible b-roll,No reliable folder signal; review manually.,
shared,"Cooperative Community Development Inc\Johnny Martin Jr., CEO - Camera 1\MZ6_8021.MP4",,video,.mp4,413450477,,,Unclassified video,Review-needed,Unknown,Review,Possible b-roll,No reliable folder signal; review manually.,
shared,"Cooperative Community Development Inc\Johnny Martin Jr., CEO - Camera 1\MZ6_8023.MP4",,video,.mp4,191059335,3840x2160,5.0,Unclassified video,Review-needed,Unknown,Review,Possible b-roll,No reliable folder signal; review manually.,
shared,"Cooperative Community Development Inc\Johnny Martin Jr., CEO - Camera 1\MZ6_8024.MP4",,video,.mp4,471518371,,,Unclassified video,Review-needed,Unknown,Review,Possible b-roll,No reliable folder signal; review manually.,
shared,"Cooperative Community Development Inc\Johnny Martin Jr., CEO - Camera 1\MZ6_8025.MP4",,video,.mp4,745114934,,,Unclassified video,Review-needed,Unknown,Review,Possible b-roll,No reliable folder signal; review manually.,
shared,"Cooperative Community Development Inc\Johnny Martin Jr., CEO - Camera 1\MZ6_8117.MP4",,video,.mp4,413528582,,,Unclassified video,Review-needed,Unknown,Review,Possible b-roll,No reliable folder signal; review manually.,
shared,"Cooperative Community Development Inc\Johnny Martin Jr., CEO - Camera 1\MZ6_8119.MP4",,video,.mp4,710961279,,,Unclassified video,Review-needed,Unknown,Review,Possible b-roll,No reliable folder signal; review manually.,
shared,"Cooperative Community Development Inc\Johnny Martin Jr., CEO - Camera 1\MZ6_8138.MP4",,video,.mp4,378944078,,,Unclassified video,Review-needed,Unknown,Review,Possible b-roll,No reliable folder signal; review manually.,
shared,"Cooperative Community Development Inc\Johnny Martin Jr., CEO - Camera 1\MZ6_8139.MP4",,video,.mp4,98654658,3840x2160,2.0,Unclassified video,Review-needed,Unknown,Review,Possible b-roll,No reliable folder signal; review manually.,
shared,"Cooperative Community Development Inc\Johnny Martin Jr., CEO - Camera 1\MZ6_8140.MP4",,video,.mp4,764207107,,,Unclassified video,Review-needed,Unknown,Review,Possible b-roll,No reliable folder signal; review manually.,
shared,"Cooperative Community Development Inc\Johnny Martin Jr., CEO - Camera 1\MZ6_8155.MP4",,video,.mp4,356742881,,,Unclassified video,Review-needed,Unknown,Review,Possible b-roll,No reliable folder signal; review manually.,
shared,"Cooperative Community Development Inc\Johnny Martin Jr., CEO - Camera 1\MZ6_8156.MP4",,video,.mp4,2279553104,,,Unclassified video,Review-needed,Unknown,Review,Possible b-roll,No reliable folder signal; review manually.,
shared,"Cooperative Community Development Inc\Johnny Martin Jr., CEO - Camera 1\MZ6_8157.MP4",,video,.mp4,394219381,,,Unclassified video,Review-needed,Unknown,Review,Possible b-roll,No reliable folder signal; review manually.,
shared,"Cooperative Community Development Inc\Johnny Martin Jr., CEO - Camera 2\DSCF0002.JPG",,image,.jpg,2150686,3264x2448,,Unclassified image,Review-needed,Unknown,Review,Possible supporting media,No reliable folder signal; review manually.,
shared,"Cooperative Community Development Inc\Johnny Martin Jr., CEO - Camera 2\DSCF0003.JPG",,image,.jpg,3021412,3264x2448,,Unclassified image,Review-needed,Unknown,Review,Possible supporting media,No reliable folder signal; review manually.,
shared,"Cooperative Community Development Inc\Johnny Martin Jr., CEO - Camera 2\DSCF0004.JPG",,image,.jpg,2901335,3264x2448,,Unclassified image,Review-needed,Unknown,Review,Possible supporting media,No reliable folder signal; review manually.,
shared,"Cooperative Community Development Inc\Johnny Martin Jr., CEO - Camera 2\DSCF0005.JPG",,image,.jpg,2653885,3264x2448,,Unclassified image,Review-needed,Unknown,Review,Possible supporting media,No reliable folder signal; review manually.,
shared,"Cooperative Community Development Inc\Johnny Martin Jr., CEO - Camera 2\DSCF0007.JPG",,image,.jpg,2400775,3264x2448,,Unclassified image,Review-needed,Unknown,Review,Possible supporting media,No reliable folder signal; review manually.,
shared,"Cooperative Community Development Inc\Johnny Martin Jr., CEO - Camera 3\DSCF0001.JPG",,image,.jpg,1268923,3264x2448,,Unclassified image,Review-needed,Unknown,Review,Possible supporting media,No reliable folder signal; review manually.,
shared,"Cooperative Community Development Inc\Johnny Martin Jr., CEO - Camera 3\DSCF0002.JPG",,image,.jpg,1532402,3264x2448,,Unclassified image,Review-needed,Unknown,Review,Possible supporting media,No reliable folder signal; review manually.,
shared,"Cooperative Community Development Inc\Johnny Martin Jr., CEO - Camera 3\DSCF0003.JPG",,image,.jpg,1872460,3264x2448,,Unclassified image,Review-needed,Unknown,Review,Possible supporting media,No reliable folder signal; review manually.,
shared,"Cooperative Community Development Inc\Johnny Martin Jr., CEO - Camera 3\DSCF0004.JPG",,image,.jpg,1177824,3264x2448,,Unclassified image,Review-needed,Unknown,Review,Possible supporting media,No reliable folder signal; review manually.,
shared,"Cooperative Community Development Inc\Johnny Martin Jr., CEO - Camera 3\DSCF0005.JPG",,image,.jpg,1679931,3264x2448,,Unclassified image,Review-needed,Unknown,Review,Possible supporting media,No reliable folder signal; review manually.,
shared,"Cooperative Community Development Inc\Johnny Martin Jr., CEO - Camera 3\DSCF0006.JPG",,image,.jpg,1669875,3264x2448,,Unclassified image,Review-needed,Unknown,Review,Possible supporting media,No reliable folder signal; review manually.,
shared,"Cooperative Community Development Inc\Johnny Martin Jr., CEO - Camera 3\DSCF0007.JPG",,image,.jpg,1429706,3264x2448,,Unclassified image,Review-needed,Unknown,Review,Possible supporting media,No reliable folder signal; review manually.,
shared,"Cooperative Community Development Inc\Johnny Martin Jr., CEO - Camera 3\DSCF0008.JPG",,image,.jpg,1564083,3264x2448,,Unclassified image,Review-needed,Unknown,Review,Possible supporting media,No reliable folder signal; review manually.,
shared,"Cooperative Community Development Inc\Johnny Martin Jr., CEO - Camera 3\DSCF0009.JPG",,image,.jpg,1446956,3264x2448,,Unclassified image,Review-needed,Unknown,Review,Possible supporting media,No reliable folder signal; review manually.,
shared,"Cooperative Community Development Inc\Johnny Martin Jr., CEO - Camera 3\DSCF0010.JPG",,image,.jpg,2549862,3264x2448,,Unclassified image,Review-needed,Unknown,Review,Possible supporting media,No reliable folder signal; review manually.,
shared,"Cooperative Community Development Inc\Johnny Martin Jr., CEO - Camera 3\DSCF0011.JPG",,image,.jpg,2060516,3264x2448,,Unclassified image,Review-needed,Unknown,Review,Possible supporting media,No reliable folder signal; review manually.,
shared,"Cooperative Community Development Inc\Johnny Martin Jr., CEO - Camera 3\DSCF0012.JPG",,image,.jpg,2653999,3264x2448,,Unclassified image,Review-needed,Unknown,Review,Possible supporting media,No reliable folder signal; review manually.,
shared,"Cooperative Community Development Inc\Johnny Martin Jr., CEO - Camera 3\DSCF0013.JPG",,image,.jpg,2192143,3264x2448,,Unclassified image,Review-needed,Unknown,Review,Possible supporting media,No reliable folder signal; review manually.,
shared,"Cooperative Community Development Inc\Johnny Martin Jr., CEO - Camera 3\DSCF0014.JPG",,image,.jpg,4270276,3264x2448,,Unclassified image,Review-needed,Unknown,Review,Possible supporting media,No reliable folder signal; review manually.,
shared,"Cooperative Community Development Inc\Johnny Martin Jr., CEO - Camera 3\DSCF0015.JPG",,image,.jpg,4130157,3264x2448,,Unclassified image,Review-needed,Unknown,Review,Possible supporting media,No reliable folder signal; review manually.,
shared,"Cooperative Community Development Inc\Johnny Martin Jr., CEO - Camera 3\DSCF0016.JPG",,image,.jpg,4264021,3264x2448,,Unclassified image,Review-needed,Unknown,Review,Possible supporting media,No reliable folder signal; review manually.,
shared,"Cooperative Community Development Inc\Johnny Martin Jr., CEO - Camera 3\DSCF0017.JPG",,image,.jpg,4049468,3264x2448,,Unclassified image,Review-needed,Unknown,Review,Possible supporting media,No reliable folder signal; review manually.,
shared,"Cooperative Community Development Inc\Johnny Martin Jr., CEO - Camera 3\DSCF0018.JPG",,image,.jpg,4178287,3264x2448,,Unclassified image,Review-needed,Unknown,Review,Possible supporting media,No reliable folder signal; review manually.,
shared,"Cooperative Community Development Inc\Johnny Martin Jr., CEO - Camera 3\DSCF0019.JPG",,image,.jpg,4015612,4000x3000,,Unclassified image,Review-needed,Unknown,Review,Possible supporting media,No reliable folder signal; review manually.,
shared,"Cooperative Community Development Inc\Johnny Martin Jr., CEO - Camera 3\DSCF0020.JPG",,image,.jpg,3779541,4000x3000,,Unclassified image,Review-needed,Unknown,Review,Possible supporting media,No reliable folder signal; review manually.,
shared,"Cooperative Community Development Inc\Johnny Martin Jr., CEO - Camera 3\DSCF0021.JPG",,image,.jpg,6047500,6400x4800,,Unclassified image,Review-needed,Unknown,Review,Possible supporting media,No reliable folder signal; review manually.,
shared,"Cooperative Community Development Inc\Johnny Martin Jr., CEO - Camera 3\DSCF0022.JPG",,image,.jpg,8260443,6400x4800,,Unclassified image,Review-needed,Unknown,Review,Possible supporting media,No reliable folder signal; review manually.,
shared,"Cooperative Community Development Inc\Johnny Martin Jr., CEO - Camera 3\DSCF0023.JPG",,image,.jpg,9501274,6400x4800,,Unclassified image,Review-needed,Unknown,Review,Possible supporting media,No reliable folder signal; review manually.,
shared,"Cooperative Community Development Inc\Johnny Martin Jr., CEO - Camera 3\DSCF0024.JPG",,image,.jpg,11100054,6400x4800,,Unclassified image,Review-needed,Unknown,Review,Possible supporting media,No reliable folder signal; review manually.,
shared,"Cooperative Community Development Inc\Johnny Martin Jr., CEO - Camera 3\DSCF0025.JPG",,image,.jpg,9285165,6400x4800,,Unclassified image,Review-needed,Unknown,Review,Possible supporting media,No reliable folder signal; review manually.,
shared,"Cooperative Community Development Inc\Johnny Martin Jr., CEO - Camera 3\DSCF0026.JPG",,image,.jpg,5288189,6400x4800,,Unclassified image,Review-needed,Unknown,Review,Possible supporting media,No reliable folder signal; review manually.,
shared,"Cooperative Community Development Inc\Johnny Martin Jr., CEO - Camera 4\DSCF0001.JPG",,image,.jpg,1535591,3264x2448,,Unclassified image,Review-needed,Unknown,Review,Possible supporting media,No reliable folder signal; review manually.,
shared,"Cooperative Community Development Inc\Johnny Martin Jr., CEO - Camera 4\DSCF0002.JPG",,image,.jpg,1545591,3264x2448,,Unclassified image,Review-needed,Unknown,Review,Possible supporting media,No reliable folder signal; review manually.,
shared,"Cooperative Community Development Inc\Johnny Martin Jr., CEO - Camera 4\DSCF0003.JPG",,image,.jpg,1451970,3264x2448,,Unclassified image,Review-needed,Unknown,Review,Possible supporting media,No reliable folder signal; review manually.,
shared,"Cooperative Community Development Inc\Johnny Martin Jr., CEO - Camera 4\DSCF0004.JPG",,image,.jpg,1497398,3264x2448,,Unclassified image,Review-needed,Unknown,Review,Possible supporting media,No reliable folder signal; review manually.,
shared,"Cooperative Community Development Inc\Johnny Martin Jr., CEO - Camera 4\DSCF0005.JPG",,image,.jpg,1444385,3264x2448,,Unclassified image,Review-needed,Unknown,Review,Possible supporting media,No reliable folder signal; review manually.,
shared,"Cooperative Community Development Inc\Johnny Martin Jr., CEO - Camera 4\DSCF0006.JPG",,image,.jpg,1094889,3264x2448,,Unclassified image,Review-needed,Unknown,Review,Possible supporting media,No reliable folder signal; review manually.,
shared,"Cooperative Community Development Inc\Johnny Martin Jr., CEO - Camera 4\DSCF0007.JPG",,image,.jpg,1263186,3264x2448,,Unclassified image,Review-needed,Unknown,Review,Possible supporting media,No reliable folder signal; review manually.,
shared,"Cooperative Community Development Inc\Johnny Martin Jr., CEO - Camera 4\DSCF0008.JPG",,image,.jpg,1162567,3264x2448,,Unclassified image,Review-needed,Unknown,Review,Possible supporting media,No reliable folder signal; review manually.,
shared,"Cooperative Community Development Inc\Johnny Martin Jr., CEO - Camera 4\DSCF0009.JPG",,image,.jpg,1283019,3264x2448,,Unclassified image,Review-needed,Unknown,Review,Possible supporting media,No reliable folder signal; review manually.,
shared,"Cooperative Community Development Inc\Johnny Martin Jr., CEO - Camera 4\DSCF0010.JPG",,image,.jpg,1258805,3264x2448,,Unclassified image,Review-needed,Unknown,Review,Possible supporting media,No reliable folder signal; review manually.,
shared,"Cooperative Community Development Inc\Johnny Martin Jr., CEO - Camera 4\DSCF0011.JPG",,image,.jpg,1457525,3264x2448,,Unclassified image,Review-needed,Unknown,Review,Possible supporting media,No reliable folder signal; review manually.,
shared,"Cooperative Community Development Inc\Johnny Martin Jr., CEO - Camera 4\DSCF0012.JPG",,image,.jpg,1618002,3264x2448,,Unclassified image,Review-needed,Unknown,Review,Possible supporting media,No reliable folder signal; review manually.,
shared,"Cooperative Community Development Inc\Johnny Martin Jr., CEO - Camera 4\DSCF0013.JPG",,image,.jpg,1584248,3264x2448,,Unclassified image,Review-needed,Unknown,Review,Possible supporting media,No reliable folder signal; review manually.,
shared,"Cooperative Community Development Inc\Johnny Martin Jr., CEO - Camera 4\DSCF0014.JPG",,image,.jpg,1251481,3264x2448,,Unclassified image,Review-needed,Unknown,Review,Possible supporting media,No reliable folder signal; review manually.,
shared,"Cooperative Community Development Inc\Johnny Martin Jr., CEO - Camera 4\DSCF0015.JPG",,image,.jpg,1385112,3264x2448,,Unclassified image,Review-needed,Unknown,Review,Possible supporting media,No reliable folder signal; review manually.,
shared,"Cooperative Community Development Inc\Johnny Martin Jr., CEO - Camera 4\DSCF0016.JPG",,image,.jpg,1290150,3264x2448,,Unclassified image,Review-needed,Unknown,Review,Possible supporting media,No reliable folder signal; review manually.,
shared,"Cooperative Community Development Inc\Johnny Martin Jr., CEO - Camera 4\DSCF0017.AVI",,video,.avi,44213760,1280x720,17.0,Unclassified video,Review-needed,Unknown,Review,Possible b-roll,No reliable folder signal; review manually.,
shared,"Cooperative Community Development Inc\Johnny Martin Jr., CEO - Camera 4\DSCF0018.JPG",,image,.jpg,1577207,3264x2448,,Unclassified image,Review-needed,Unknown,Review,Possible supporting media,No reliable folder signal; review manually.,
shared,"Cooperative Community Development Inc\Johnny Martin Jr., CEO - Camera 4\DSCF0019.JPG",,image,.jpg,1332603,3264x2448,,Unclassified image,Review-needed,Unknown,Review,Possible supporting media,No reliable folder signal; review manually.,
shared,"Cooperative Community Development Inc\Johnny Martin Jr., CEO - Camera 4\DSCF0020.JPG",,image,.jpg,1558823,3264x2448,,Unclassified image,Review-needed,Unknown,Review,Possible supporting media,No reliable folder signal; review manually.,
shared,"Cooperative Community Development Inc\Johnny Martin Jr., CEO - Camera 4\DSCF0021.JPG",,image,.jpg,1535695,3264x2448,,Unclassified image,Review-needed,Unknown,Review,Possible supporting media,No reliable folder signal; review manually.,
shared,"Cooperative Community Development Inc\Johnny Martin Jr., CEO - Camera 4\DSCF0022.JPG",,image,.jpg,1798834,3264x2448,,Unclassified image,Review-needed,Unknown,Review,Possible supporting media,No reliable folder signal; review manually.,
shared,"Cooperative Community Development Inc\Johnny Martin Jr., CEO - Camera 4\DSCF0023.JPG",,image,.jpg,1446319,3264x2448,,Unclassified image,Review-needed,Unknown,Review,Possible supporting media,No reliable folder signal; review manually.,
shared,"Cooperative Community Development Inc\Johnny Martin Jr., CEO - Camera 4\DSCF0024.JPG",,image,.jpg,1629048,3264x2448,,Unclassified image,Review-needed,Unknown,Review,Possible supporting media,No reliable folder signal; review manually.,
shared,"Cooperative Community Development Inc\Johnny Martin Jr., CEO - Camera 4\DSCF0025.JPG",,image,.jpg,2384137,3264x2448,,Unclassified image,Review-needed,Unknown,Review,Possible supporting media,No reliable folder signal; review manually.,
shared,"Cooperative Community Development Inc\Johnny Martin Jr., CEO - Camera 4\DSCF0026.JPG",,image,.jpg,1861322,3264x2448,,Unclassified image,Review-needed,Unknown,Review,Possible supporting media,No reliable folder signal; review manually.,
shared,"Cooperative Community Development Inc\Johnny Martin Jr., CEO - Camera 4\DSCF0027.JPG",,image,.jpg,1854500,3264x2448,,Unclassified image,Review-needed,Unknown,Review,Possible supporting media,No reliable folder signal; review manually.,
shared,"Cooperative Community Development Inc\Johnny Martin Jr., CEO - Camera 4\DSCF0028.JPG",,image,.jpg,2463593,3264x2448,,Unclassified image,Review-needed,Unknown,Review,Possible supporting media,No reliable folder signal; review manually.,
shared,"Cooperative Community Development Inc\Johnny Martin Jr., CEO - Camera 4\DSCF0029.JPG",,image,.jpg,1752330,3264x2448,,Unclassified image,Review-needed,Unknown,Review,Possible supporting media,No reliable folder signal; review manually.,
shared,"Cooperative Community Development Inc\Johnny Martin Jr., CEO - Camera 4\DSCF0030.JPG",,image,.jpg,1701882,3264x2448,,Unclassified image,Review-needed,Unknown,Review,Possible supporting media,No reliable folder signal; review manually.,
shared,"Cooperative Community Development Inc\Johnny Martin Jr., CEO - Camera 4\DSCF0031.JPG",,image,.jpg,1643065,3264x2448,,Unclassified image,Review-needed,Unknown,Review,Possible supporting media,No reliable folder signal; review manually.,
shared,"Cooperative Community Development Inc\Johnny Martin Jr., CEO - Camera 4\DSCF0032.JPG",,image,.jpg,3042133,3264x2448,,Unclassified image,Review-needed,Unknown,Review,Possible supporting media,No reliable folder signal; review manually.,
shared,"Cooperative Community Development Inc\Johnny Martin Jr., CEO - Camera 4\DSCF0033.JPG",,image,.jpg,2923390,3264x2448,,Unclassified image,Review-needed,Unknown,Review,Possible supporting media,No reliable folder signal; review manually.,
shared,"Cooperative Community Development Inc\Johnny Martin Jr., CEO - Camera 4\DSCF0034.JPG",,image,.jpg,2949636,3264x2448,,Unclassified image,Review-needed,Unknown,Review,Possible supporting media,No reliable folder signal; review manually.,
shared,"Cooperative Community Development Inc\Johnny Martin Jr., CEO - Camera 5\DSCF0001.JPG",,image,.jpg,5472493,4000x3000,,Unclassified image,Review-needed,Unknown,Review,Possible supporting media,No reliable folder signal; review manually.,
shared,"Cooperative Community Development Inc\Johnny Martin Jr., CEO - Camera 5\DSCF0002.JPG",,image,.jpg,4807083,4000x3000,,Unclassified image,Review-needed,Unknown,Review,Possible supporting media,No reliable folder signal; review manually.,
shared,"Cooperative Community Development Inc\Johnny Martin Jr., CEO - CCD Photo Dump 2025\CCD Photo Dump May2025.mp4",,video,.mp4,337396354,1440x1080,565.7,Unclassified video,Review-needed,Unknown,Review,Possible b-roll,No reliable folder signal; review manually.,
shared,"Cooperative Community Development Inc\Johnny Martin Jr., CEO - CCD_DroneFootage\CCD_Field1.mp4",website-media-filebase\01-home-hero-neighborhood-drone\shared-Johnny-Martin-Jr.-CEO---CCD_DroneFootage-CCD_Field1.mp4,video,.mp4,112910507,3840x2160,10.9,Neighborhood / drone footage,Website-ready,Strong,Home,Hero video / motion background,Short enough for design experiments.,media-library/01-home-hero-neighborhood-drone/shared-Johnny-Martin-Jr.-CEO---CCD_DroneFootage-CCD_Field1.mp4
shared,"Cooperative Community Development Inc\Johnny Martin Jr., CEO - CCD_DroneFootage\CCD_Field2.mp4",website-media-filebase\01-home-hero-neighborhood-drone\shared-Johnny-Martin-Jr.-CEO---CCD_DroneFootage-CCD_Field2.mp4,video,.mp4,194999772,3840x2160,18.9,Neighborhood / drone footage,Website-ready,Strong,Home,Hero video / motion background,Short enough for design experiments.,media-library/01-home-hero-neighborhood-drone/shared-Johnny-Martin-Jr.-CEO---CCD_DroneFootage-CCD_Field2.mp4
shared,"Cooperative Community Development Inc\Johnny Martin Jr., CEO - CCD_DroneFootage\CCD_Field3.mp4",website-media-filebase\01-home-hero-neighborhood-drone\shared-Johnny-Martin-Jr.-CEO---CCD_DroneFootage-CCD_Field3.mp4,video,.mp4,141023252,3840x2160,13.8,Neighborhood / drone footage,Website-ready,Strong,Home,Hero video / motion background,Short enough for design experiments.,media-library/01-home-hero-neighborhood-drone/shared-Johnny-Martin-Jr.-CEO---CCD_DroneFootage-CCD_Field3.mp4
shared,"Cooperative Community Development Inc\Johnny Martin Jr., CEO - CCD_DroneFootage\DJI_0065.MP4",,video,.mp4,755324845,,,Neighborhood / drone footage,Archive,Unknown,Home,Raw edit source,Large raw drone source; cataloged but not copied.,
shared,"Cooperative Community Development Inc\Johnny Martin Jr., CEO - CCD_DroneFootage\DJI_0066.MP4",,video,.mp4,622734645,,,Neighborhood / drone footage,Archive,Unknown,Home,Raw edit source,Large raw drone source; cataloged but not copied.,
shared,"Cooperative Community Development Inc\Johnny Martin Jr., CEO - CCD_DroneFootage\DJI_0067.MP4",,video,.mp4,581558657,,,Neighborhood / drone footage,Archive,Unknown,Home,Raw edit source,Large raw drone source; cataloged but not copied.,
shared,"Cooperative Community Development Inc\Johnny Martin Jr., CEO - CCD_DroneFootage\DJI_0068.MP4",,video,.mp4,1412260161,,,Neighborhood / drone footage,Archive,Unknown,Home,Raw edit source,Large raw drone source; cataloged but not copied.,
shared,"Cooperative Community Development Inc\Johnny Martin Jr., CEO - CCD_DroneFootage\DJI_0069.MP4",,video,.mp4,599798649,,,Neighborhood / drone footage,Archive,Unknown,Home,Raw edit source,Large raw drone source; cataloged but not copied.,
shared,"Cooperative Community Development Inc\Johnny Martin Jr., CEO - CCD_DroneFootage\DJI_0070.MP4",,video,.mp4,718654553,,,Neighborhood / drone footage,Archive,Unknown,Home,Raw edit source,Large raw drone source; cataloged but not copied.,
shared,"Cooperative Community Development Inc\Johnny Martin Jr., CEO - CCD_DroneFootage\DJI_0071.MP4",,video,.mp4,919466329,,,Neighborhood / drone footage,Archive,Unknown,Home,Raw edit source,Large raw drone source; cataloged but not copied.,
shared,"Cooperative Community Development Inc\Johnny Martin Jr., CEO - CCD_DroneFootage\DJI_0072.MP4",,video,.mp4,366799709,,,Neighborhood / drone footage,Archive,Unknown,Home,Raw edit source,Large raw drone source; cataloged but not copied.,
shared,"Cooperative Community Development Inc\Johnny Martin Jr., CEO - CCD_DroneFootage\DJI_0073.MP4",,video,.mp4,1628455853,,,Neighborhood / drone footage,Archive,Unknown,Home,Raw edit source,Large raw drone source; cataloged but not copied.,
shared,"Cooperative Community Development Inc\Johnny Martin Jr., CEO - CCD_DroneFootage\DJI_0074.MP4",,video,.mp4,1134580617,,,Neighborhood / drone footage,Archive,Unknown,Home,Raw edit source,Large raw drone source; cataloged but not copied.,
shared,"Cooperative Community Development Inc\Johnny Martin Jr., CEO - CCD_DroneFootage\DJI_0076.MP4",,video,.mp4,653690685,,,Neighborhood / drone footage,Archive,Unknown,Home,Raw edit source,Large raw drone source; cataloged but not copied.,
shared,"Cooperative Community Development Inc\Johnny Martin Jr., CEO - CCD_DroneFootage\DJI_0077.JPG",website-media-filebase\01-home-hero-neighborhood-drone\shared-Johnny-Martin-Jr.-CEO---CCD_DroneFootage-DJI_0077.JPG,image,.jpg,6012876,4032x3024,,Neighborhood / drone footage,Supporting,Good,Home / Projects,Aerial still,Use as real neighborhood stills for Stitch experiments.,media-library/01-home-hero-neighborhood-drone/shared-Johnny-Martin-Jr.-CEO---CCD_DroneFootage-DJI_0077.jpg
shared,"Cooperative Community Development Inc\Johnny Martin Jr., CEO - CCD_DroneFootage\DJI_0078.JPG",website-media-filebase\01-home-hero-neighborhood-drone\shared-Johnny-Martin-Jr.-CEO---CCD_DroneFootage-DJI_0078.JPG,image,.jpg,5938517,4032x3024,,Neighborhood / drone footage,Supporting,Good,Home / Projects,Aerial still,Use as real neighborhood stills for Stitch experiments.,media-library/01-home-hero-neighborhood-drone/shared-Johnny-Martin-Jr.-CEO---CCD_DroneFootage-DJI_0078.jpg
shared,"Cooperative Community Development Inc\Johnny Martin Jr., CEO - CCD_DroneFootage\DJI_0079.JPG",website-media-filebase\01-home-hero-neighborhood-drone\shared-Johnny-Martin-Jr.-CEO---CCD_DroneFootage-DJI_0079.JPG,image,.jpg,6122596,4032x3024,,Neighborhood / drone footage,Supporting,Good,Home / Projects,Aerial still,Use as real neighborhood stills for Stitch experiments.,media-library/01-home-hero-neighborhood-drone/shared-Johnny-Martin-Jr.-CEO---CCD_DroneFootage-DJI_0079.jpg
shared,"Cooperative Community Development Inc\Johnny Martin Jr., CEO - CCD_DroneFootage\DJI_0080.JPG",website-media-filebase\01-home-hero-neighborhood-drone\shared-Johnny-Martin-Jr.-CEO---CCD_DroneFootage-DJI_0080.JPG,image,.jpg,6078454,4032x3024,,Neighborhood / drone footage,Supporting,Good,Home / Projects,Aerial still,Use as real neighborhood stills for Stitch experiments.,media-library/01-home-hero-neighborhood-drone/shared-Johnny-Martin-Jr.-CEO---CCD_DroneFootage-DJI_0080.jpg
shared,"Cooperative Community Development Inc\Johnny Martin Jr., CEO - CCD_DroneFootage\DJI_0081.JPG",website-media-filebase\01-home-hero-neighborhood-drone\shared-Johnny-Martin-Jr.-CEO---CCD_DroneFootage-DJI_0081.JPG,image,.jpg,6074553,4032x3024,,Neighborhood / drone footage,Supporting,Good,Home / Projects,Aerial still,Use as real neighborhood stills for Stitch experiments.,media-library/01-home-hero-neighborhood-drone/shared-Johnny-Martin-Jr.-CEO---CCD_DroneFootage-DJI_0081.jpg
shared,"Cooperative Community Development Inc\Johnny Martin Jr., CEO - CCD_DroneFootage\DJI_0082.JPG",website-media-filebase\01-home-hero-neighborhood-drone\shared-Johnny-Martin-Jr.-CEO---CCD_DroneFootage-DJI_0082.JPG,image,.jpg,6114841,4032x3024,,Neighborhood / drone footage,Supporting,Good,Home / Projects,Aerial still,Use as real neighborhood stills for Stitch experiments.,media-library/01-home-hero-neighborhood-drone/shared-Johnny-Martin-Jr.-CEO---CCD_DroneFootage-DJI_0082.jpg
shared,"Cooperative Community Development Inc\Johnny Martin Jr., CEO - CCD_DroneFootage\DJI_0083.MP4",,video,.mp4,676655325,,,Neighborhood / drone footage,Archive,Unknown,Home,Raw edit source,Large raw drone source; cataloged but not copied.,
shared,"Cooperative Community Development Inc\Johnny Martin Jr., CEO - CCD_DroneFootage\DJI_0084.MP4",,video,.mp4,560239717,,,Neighborhood / drone footage,Archive,Unknown,Home,Raw edit source,Large raw drone source; cataloged but not copied.,
shared,"Cooperative Community Development Inc\Johnny Martin Jr., CEO - CCD_DroneFootage\DJI_0085.MP4",,video,.mp4,2272022013,,,Neighborhood / drone footage,Archive,Unknown,Home,Raw edit source,Large raw drone source; cataloged but not copied.,
shared,"Cooperative Community Development Inc\Johnny Martin Jr., CEO - CCD_DroneFootage\DJI_0086.JPG",website-media-filebase\01-home-hero-neighborhood-drone\shared-Johnny-Martin-Jr.-CEO---CCD_DroneFootage-DJI_0086.JPG,image,.jpg,5350015,4032x3024,,Neighborhood / drone footage,Supporting,Good,Home / Projects,Aerial still,Use as real neighborhood stills for Stitch experiments.,media-library/01-home-hero-neighborhood-drone/shared-Johnny-Martin-Jr.-CEO---CCD_DroneFootage-DJI_0086.jpg
shared,"Cooperative Community Development Inc\Johnny Martin Jr., CEO - CCD_DroneFootage\DJI_0087.JPG",website-media-filebase\01-home-hero-neighborhood-drone\shared-Johnny-Martin-Jr.-CEO---CCD_DroneFootage-DJI_0087.JPG,image,.jpg,5772007,4032x3024,,Neighborhood / drone footage,Supporting,Good,Home / Projects,Aerial still,Use as real neighborhood stills for Stitch experiments.,media-library/01-home-hero-neighborhood-drone/shared-Johnny-Martin-Jr.-CEO---CCD_DroneFootage-DJI_0087.jpg
shared,"Cooperative Community Development Inc\Johnny Martin Jr., CEO - CCD_DroneFootage\DJI_0088.JPG",website-media-filebase\01-home-hero-neighborhood-drone\shared-Johnny-Martin-Jr.-CEO---CCD_DroneFootage-DJI_0088.JPG,image,.jpg,5638348,4032x3024,,Neighborhood / drone footage,Supporting,Good,Home / Projects,Aerial still,Use as real neighborhood stills for Stitch experiments.,media-library/01-home-hero-neighborhood-drone/shared-Johnny-Martin-Jr.-CEO---CCD_DroneFootage-DJI_0088.jpg
shared,"Cooperative Community Development Inc\Johnny Martin Jr., CEO - CCD_DroneFootage\DJI_0089.MP4",,video,.mp4,641570093,,,Neighborhood / drone footage,Archive,Unknown,Home,Raw edit source,Large raw drone source; cataloged but not copied.,
shared,"Cooperative Community Development Inc\Johnny Martin Jr., CEO - CCD_DroneFootage\DJI_0090.MP4",,video,.mp4,558622849,,,Neighborhood / drone footage,Archive,Unknown,Home,Raw edit source,Large raw drone source; cataloged but not copied.,
shared,"Cooperative Community Development Inc\Johnny Martin Jr., CEO - CCD_DroneFootage\DJI_0091.MP4",,video,.mp4,416988977,,,Neighborhood / drone footage,Archive,Unknown,Home,Raw edit source,Large raw drone source; cataloged but not copied.,
shared,"Cooperative Community Development Inc\Johnny Martin Jr., CEO - CCD_DroneFootage\DJI_0092.MP4",,video,.mp4,2806603805,,,Neighborhood / drone footage,Archive,Unknown,Home,Raw edit source,Large raw drone source; cataloged but not copied.,
shared,"Cooperative Community Development Inc\Johnny Martin Jr., CEO - CCD_DroneFootage\DJI_0093.MP4",,video,.mp4,626958701,,,Neighborhood / drone footage,Archive,Unknown,Home,Raw edit source,Large raw drone source; cataloged but not copied.,
shared,"Cooperative Community Development Inc\Johnny Martin Jr., CEO - CCD_DroneFootage\DJI_0094.MP4",,video,.mp4,577990085,,,Neighborhood / drone footage,Archive,Unknown,Home,Raw edit source,Large raw drone source; cataloged but not copied.,
shared,"Cooperative Community Development Inc\Johnny Martin Jr., CEO - CCD_DroneFootage\DJI_0095.JPG",website-media-filebase\01-home-hero-neighborhood-drone\shared-Johnny-Martin-Jr.-CEO---CCD_DroneFootage-DJI_0095.JPG,image,.jpg,4027066,4032x3024,,Neighborhood / drone footage,Supporting,Good,Home / Projects,Aerial still,Use as real neighborhood stills for Stitch experiments.,media-library/01-home-hero-neighborhood-drone/shared-Johnny-Martin-Jr.-CEO---CCD_DroneFootage-DJI_0095.jpg
shared,"Cooperative Community Development Inc\Johnny Martin Jr., CEO - CCD_DroneFootage\DJI_0096.MP4",,video,.mp4,974684949,,,Neighborhood / drone footage,Archive,Unknown,Home,Raw edit source,Large raw drone source; cataloged but not copied.,
shared,"Cooperative Community Development Inc\Johnny Martin Jr., CEO - CCD_DroneFootage\DJI_0097.MP4",,video,.mp4,696123385,,,Neighborhood / drone footage,Archive,Unknown,Home,Raw edit source,Large raw drone source; cataloged but not copied.,
shared,"Cooperative Community Development Inc\Johnny Martin Jr., CEO - CCD_DroneFootage\DJI_0098.MP4",,video,.mp4,1204839813,,,Neighborhood / drone footage,Archive,Unknown,Home,Raw edit source,Large raw drone source; cataloged but not copied.,
shared,"Cooperative Community Development Inc\Johnny Martin Jr., CEO - CCD_DroneFootage\DJI_0099.JPG",website-media-filebase\01-home-hero-neighborhood-drone\shared-Johnny-Martin-Jr.-CEO---CCD_DroneFootage-DJI_0099.JPG,image,.jpg,7182710,4032x3024,,Neighborhood / drone footage,Supporting,Good,Home / Projects,Aerial still,Use as real neighborhood stills for Stitch experiments.,media-library/01-home-hero-neighborhood-drone/shared-Johnny-Martin-Jr.-CEO---CCD_DroneFootage-DJI_0099.jpg
shared,"Cooperative Community Development Inc\Johnny Martin Jr., CEO - CCD_DroneFootage\DJI_0100.JPG",website-media-filebase\01-home-hero-neighborhood-drone\shared-Johnny-Martin-Jr.-CEO---CCD_DroneFootage-DJI_0100.JPG,image,.jpg,7894543,4032x3024,,Neighborhood / drone footage,Supporting,Good,Home / Projects,Aerial still,Use as real neighborhood stills for Stitch experiments.,media-library/01-home-hero-neighborhood-drone/shared-Johnny-Martin-Jr.-CEO---CCD_DroneFootage-DJI_0100.jpg
shared,"Cooperative Community Development Inc\Johnny Martin Jr., CEO - CCD_DroneFootage\DJI_0101.MP4",,video,.mp4,1532341245,,,Neighborhood / drone footage,Archive,Unknown,Home,Raw edit source,Large raw drone source; cataloged but not copied.,
shared,"Cooperative Community Development Inc\Johnny Martin Jr., CEO - CCD_DroneFootage\DJI_0102.MP4",website-media-filebase\01-home-hero-neighborhood-drone\shared-Johnny-Martin-Jr.-CEO---CCD_DroneFootage-DJI_0102.MP4,video,.mp4,14304341,3840x2160,1.1,Neighborhood / drone footage,Website-ready,Strong,Home,Hero video / motion background,Short enough for design experiments.,media-library/01-home-hero-neighborhood-drone/shared-Johnny-Martin-Jr.-CEO---CCD_DroneFootage-DJI_0102.mp4
shared,"Cooperative Community Development Inc\Johnny Martin Jr., CEO - CCD_DroneFootage\DJI_0103.JPG",website-media-filebase\01-home-hero-neighborhood-drone\shared-Johnny-Martin-Jr.-CEO---CCD_DroneFootage-DJI_0103.JPG,image,.jpg,6175490,4032x3024,,Neighborhood / drone footage,Supporting,Good,Home / Projects,Aerial still,Use as real neighborhood stills for Stitch experiments.,media-library/01-home-hero-neighborhood-drone/shared-Johnny-Martin-Jr.-CEO---CCD_DroneFootage-DJI_0103.jpg
shared,"Cooperative Community Development Inc\Johnny Martin Jr., CEO - CCD_DroneFootage\DJI_0104.MP4",,video,.mp4,665966405,,,Neighborhood / drone footage,Archive,Unknown,Home,Raw edit source,Large raw drone source; cataloged but not copied.,
shared,"Cooperative Community Development Inc\Johnny Martin Jr., CEO - CCD_DroneFootage\DJI_0110.MP4",,video,.mp4,1181109513,,,Neighborhood / drone footage,Archive,Unknown,Home,Raw edit source,Large raw drone source; cataloged but not copied.,
shared,"Cooperative Community Development Inc\Johnny Martin Jr., CEO - CCD_DroneFootage\DJI_0111.MP4",,video,.mp4,741273229,,,Neighborhood / drone footage,Archive,Unknown,Home,Raw edit source,Large raw drone source; cataloged but not copied.,
shared,"Cooperative Community Development Inc\Johnny Martin Jr., CEO - CCD_DroneFootage\DJI_0112.JPG",website-media-filebase\01-home-hero-neighborhood-drone\shared-Johnny-Martin-Jr.-CEO---CCD_DroneFootage-DJI_0112.JPG,image,.jpg,6198627,4032x3024,,Neighborhood / drone footage,Supporting,Good,Home / Projects,Aerial still,Use as real neighborhood stills for Stitch experiments.,media-library/01-home-hero-neighborhood-drone/shared-Johnny-Martin-Jr.-CEO---CCD_DroneFootage-DJI_0112.jpg
shared,"Cooperative Community Development Inc\Johnny Martin Jr., CEO - CCD_DroneFootage\DJI_0113.JPG",website-media-filebase\01-home-hero-neighborhood-drone\shared-Johnny-Martin-Jr.-CEO---CCD_DroneFootage-DJI_0113.JPG,image,.jpg,8132640,4032x3024,,Neighborhood / drone footage,Supporting,Good,Home / Projects,Aerial still,Use as real neighborhood stills for Stitch experiments.,media-library/01-home-hero-neighborhood-drone/shared-Johnny-Martin-Jr.-CEO---CCD_DroneFootage-DJI_0113.jpg
shared,"Cooperative Community Development Inc\Johnny Martin Jr., CEO - CCD_DroneFootage\MiracleChurch_MorinaEnterprise.mp4",website-media-filebase\01-home-hero-neighborhood-drone\shared-Johnny-Martin-Jr.-CEO---CCD_DroneFootage-MiracleChurch_MorinaEnterprise.mp4,video,.mp4,284044532,3840x2160,27.7,Neighborhood / drone footage,Website-ready,Strong,Home,Hero video / motion background,Short enough for design experiments.,media-library/01-home-hero-neighborhood-drone/shared-Johnny-Martin-Jr.-CEO---CCD_DroneFootage-MiracleChurch_MorinaEnterprise.mp4
shared,"Cooperative Community Development Inc\Johnny Martin Jr., CEO - CCD_DroneFootage\Sidepan_MiracleChurch_MorinaEnterprise.mp4",website-media-filebase\01-home-hero-neighborhood-drone\shared-Johnny-Martin-Jr.-CEO---CCD_DroneFootage-Sidepan_MiracleChurch_MorinaEnterprise.mp4,video,.mp4,264267773,3840x2160,25.9,Neighborhood / drone footage,Website-ready,Strong,Home,Hero video / motion background,Short enough for design experiments.,media-library/01-home-hero-neighborhood-drone/shared-Johnny-Martin-Jr.-CEO---CCD_DroneFootage-Sidepan_MiracleChurch_MorinaEnterprise.mp4
shared,"Cooperative Community Development Inc\Johnny Martin Jr., CEO - House Memorial Garden media\IMG_0506.MOV",website-media-filebase\07-projects-oasis-gardens-bus-stop\shared-Johnny-Martin-Jr.-CEO---House-Memorial-Garden-media-IMG_0506.MOV,video,.mov,37616767,540x960,154.6,Projects / gardens / Oasis,Supporting,Good,Projects,Project gallery,Use for project pages and community story blocks.,media-library/07-projects-oasis-gardens-bus-stop/shared-Johnny-Martin-Jr.-CEO---House-Memorial-Garden-media-IMG_0506.mp4
shared,"Cooperative Community Development Inc\Johnny Martin Jr., CEO - House Memorial Garden media\Memorial Service_ Sharon Rosa House.mp4",website-media-filebase\07-projects-oasis-gardens-bus-stop\shared-Johnny-Martin-Jr.-CEO---House-Memorial-Garden-media-Memorial-Service_-Sharon-Rosa-House.mp4,video,.mp4,300773302,720x1280,1097.2,Projects / gardens / Oasis,Supporting,Good,Projects,Project gallery,Use for project pages and community story blocks.,media-library/07-projects-oasis-gardens-bus-stop/shared-Johnny-Martin-Jr.-CEO---House-Memorial-Garden-media-Memorial-Service_-Sharon-Rosa-House.mp4
shared,"Cooperative Community Development Inc\Johnny Martin Jr., CEO - House Memorial Garden media\Sharon Rosa House Memorial Garden (1).MOV",website-media-filebase\07-projects-oasis-gardens-bus-stop\shared-Johnny-Martin-Jr.-CEO---House-Memorial-Garden-media-Sharon-Rosa-House-Memorial-Garden-1-.MOV,video,.mov,17626661,540x960,74.5,Projects / gardens / Oasis,Supporting,Good,Projects,Project gallery,Use for project pages and community story blocks.,media-library/07-projects-oasis-gardens-bus-stop/shared-Johnny-Martin-Jr.-CEO---House-Memorial-Garden-media-Sharon-Rosa-House-Memorial-Garden-1-.mp4
shared,"Cooperative Community Development Inc\Johnny Martin Jr., CEO - House Memorial Garden media\Sharon Rosa House Memorial Garden.MOV",website-media-filebase\07-projects-oasis-gardens-bus-stop\shared-Johnny-Martin-Jr.-CEO---House-Memorial-Garden-media-Sharon-Rosa-House-Memorial-Garden.MOV,video,.mov,17626661,540x960,74.5,Projects / gardens / Oasis,Supporting,Good,Projects,Project gallery,Use for project pages and community story blocks.,media-library/07-projects-oasis-gardens-bus-stop/shared-Johnny-Martin-Jr.-CEO---House-Memorial-Garden-media-Sharon-Rosa-House-Memorial-Garden.mp4
shared,"Cooperative Community Development Inc\Johnny Martin Jr., CEO - House Memorial Garden media\Sharon Rosa House Memorial [FINAL] (1).MOV",,video,.mov,2933796422,,,Memorial Garden / project video,Archive,Unknown,Projects,Long-form source video,"Large final video; cataloged, not copied.",
shared,"Cooperative Community Development Inc\Johnny Martin Jr., CEO - House Memorial Garden media\Sharon Rosa House Memorial [FINAL].MOV",,video,.mov,2933796422,,,Memorial Garden / project video,Archive,Unknown,Projects,Long-form source video,"Large final video; cataloged, not copied.",
shared,"Cooperative Community Development Inc\Johnny Martin Jr., CEO - House Memorial Garden media\Sharon Rosa House Memorial [FINAL].MP4",,video,.mp4,2638850218,,,Memorial Garden / project video,Archive,Unknown,Projects,Long-form source video,"Large final video; cataloged, not copied.",
shared,"Cooperative Community Development Inc\Johnny Martin Jr., CEO - House Memorial Garden media\Unedited Memorial Service_ Sharon Rosa House.mp4",website-media-filebase\07-projects-oasis-gardens-bus-stop\shared-Johnny-Martin-Jr.-CEO---House-Memorial-Garden-media-Unedited-Memorial-Service_-Sharon-Rosa-House.mp4,video,.mp4,300773302,720x1280,1097.2,Projects / gardens / Oasis,Supporting,Good,Projects,Project gallery,Use for project pages and community story blocks.,media-library/07-projects-oasis-gardens-bus-stop/shared-Johnny-Martin-Jr.-CEO---House-Memorial-Garden-media-Unedited-Memorial-Service_-Sharon-Rosa-House.mp4
shared,"Cooperative Community Development Inc\Johnny Martin Jr., CEO - Media for Inventory - 3932 Frederick\Duplicate.HEIC",website-media-filebase\99-review-needed\center-social-impact-3932-heic\shared-Johnny-Martin-Jr.-CEO---Media-for-Inventory---3932-Frederick-Duplicate.HEIC,image,.heic,956574,,,Center for Social Impact / 3932 Frederick,Review-needed,Unknown,Center for Social Impact / Brick Campaign,Building inventory gallery,HEIC needs visual review/conversion before web use.,media-library/99-review-needed/center-social-impact-3932-heic/shared-Johnny-Martin-Jr.-CEO---Media-for-Inventory---3932-Frederick-Duplicate.jpg
shared,"Cooperative Community Development Inc\Johnny Martin Jr., CEO - Media for Inventory - 3932 Frederick\Handsort.HEIC",website-media-filebase\99-review-needed\center-social-impact-3932-heic\shared-Johnny-Martin-Jr.-CEO---Media-for-Inventory---3932-Frederick-Handsort.HEIC,image,.heic,1317773,,,Center for Social Impact / 3932 Frederick,Review-needed,Unknown,Center for Social Impact / Brick Campaign,Building inventory gallery,HEIC needs visual review/conversion before web use.,media-library/99-review-needed/center-social-impact-3932-heic/shared-Johnny-Martin-Jr.-CEO---Media-for-Inventory---3932-Frederick-Handsort.jpg
shared,"Cooperative Community Development Inc\Johnny Martin Jr., CEO - Media for Inventory - 3932 Frederick\Heater.HEIC",website-media-filebase\99-review-needed\center-social-impact-3932-heic\shared-Johnny-Martin-Jr.-CEO---Media-for-Inventory---3932-Frederick-Heater.HEIC,image,.heic,861910,,,Center for Social Impact / 3932 Frederick,Review-needed,Unknown,Center for Social Impact / Brick Campaign,Building inventory gallery,HEIC needs visual review/conversion before web use.,media-library/99-review-needed/center-social-impact-3932-heic/shared-Johnny-Martin-Jr.-CEO---Media-for-Inventory---3932-Frederick-Heater.jpg
shared,"Cooperative Community Development Inc\Johnny Martin Jr., CEO - Media for Inventory - 3932 Frederick\IMG_2573.HEIC",website-media-filebase\99-review-needed\center-social-impact-3932-heic\shared-Johnny-Martin-Jr.-CEO---Media-for-Inventory---3932-Frederick-IMG_2573.HEIC,image,.heic,1062684,,,Center for Social Impact / 3932 Frederick,Review-needed,Unknown,Center for Social Impact / Brick Campaign,Building inventory gallery,HEIC needs visual review/conversion before web use.,media-library/99-review-needed/center-social-impact-3932-heic/shared-Johnny-Martin-Jr.-CEO---Media-for-Inventory---3932-Frederick-IMG_2573.jpg
shared,"Cooperative Community Development Inc\Johnny Martin Jr., CEO - Media for Inventory - 3932 Frederick\IMG_2574.HEIC",website-media-filebase\99-review-needed\center-social-impact-3932-heic\shared-Johnny-Martin-Jr.-CEO---Media-for-Inventory---3932-Frederick-IMG_2574.HEIC,image,.heic,930762,,,Center for Social Impact / 3932 Frederick,Review-needed,Unknown,Center for Social Impact / Brick Campaign,Building inventory gallery,HEIC needs visual review/conversion before web use.,media-library/99-review-needed/center-social-impact-3932-heic/shared-Johnny-Martin-Jr.-CEO---Media-for-Inventory---3932-Frederick-IMG_2574.jpg
shared,"Cooperative Community Development Inc\Johnny Martin Jr., CEO - Media for Inventory - 3932 Frederick\IMG_2575.HEIC",website-media-filebase\99-review-needed\center-social-impact-3932-heic\shared-Johnny-Martin-Jr.-CEO---Media-for-Inventory---3932-Frederick-IMG_2575.HEIC,image,.heic,805145,,,Center for Social Impact / 3932 Frederick,Review-needed,Unknown,Center for Social Impact / Brick Campaign,Building inventory gallery,HEIC needs visual review/conversion before web use.,media-library/99-review-needed/center-social-impact-3932-heic/shared-Johnny-Martin-Jr.-CEO---Media-for-Inventory---3932-Frederick-IMG_2575.jpg
shared,"Cooperative Community Development Inc\Johnny Martin Jr., CEO - Media for Inventory - 3932 Frederick\IMG_2577.HEIC",website-media-filebase\99-review-needed\center-social-impact-3932-heic\shared-Johnny-Martin-Jr.-CEO---Media-for-Inventory---3932-Frederick-IMG_2577.HEIC,image,.heic,866383,,,Center for Social Impact / 3932 Frederick,Review-needed,Unknown,Center for Social Impact / Brick Campaign,Building inventory gallery,HEIC needs visual review/conversion before web use.,media-library/99-review-needed/center-social-impact-3932-heic/shared-Johnny-Martin-Jr.-CEO---Media-for-Inventory---3932-Frederick-IMG_2577.jpg
shared,"Cooperative Community Development Inc\Johnny Martin Jr., CEO - Media for Inventory - 3932 Frederick\IMG_2578.HEIC",website-media-filebase\99-review-needed\center-social-impact-3932-heic\shared-Johnny-Martin-Jr.-CEO---Media-for-Inventory---3932-Frederick-IMG_2578.HEIC,image,.heic,768236,,,Center for Social Impact / 3932 Frederick,Review-needed,Unknown,Center for Social Impact / Brick Campaign,Building inventory gallery,HEIC needs visual review/conversion before web use.,media-library/99-review-needed/center-social-impact-3932-heic/shared-Johnny-Martin-Jr.-CEO---Media-for-Inventory---3932-Frederick-IMG_2578.jpg
shared,"Cooperative Community Development Inc\Johnny Martin Jr., CEO - Media for Inventory - 3932 Frederick\IMG_2579.HEIC",website-media-filebase\99-review-needed\center-social-impact-3932-heic\shared-Johnny-Martin-Jr.-CEO---Media-for-Inventory---3932-Frederick-IMG_2579.HEIC,image,.heic,516340,,,Center for Social Impact / 3932 Frederick,Review-needed,Unknown,Center for Social Impact / Brick Campaign,Building inventory gallery,HEIC needs visual review/conversion before web use.,media-library/99-review-needed/center-social-impact-3932-heic/shared-Johnny-Martin-Jr.-CEO---Media-for-Inventory---3932-Frederick-IMG_2579.jpg
shared,"Cooperative Community Development Inc\Johnny Martin Jr., CEO - Media for Inventory - 3932 Frederick\IMG_2580.HEIC",website-media-filebase\99-review-needed\center-social-impact-3932-heic\shared-Johnny-Martin-Jr.-CEO---Media-for-Inventory---3932-Frederick-IMG_2580.HEIC,image,.heic,677382,,,Center for Social Impact / 3932 Frederick,Review-needed,Unknown,Center for Social Impact / Brick Campaign,Building inventory gallery,HEIC needs visual review/conversion before web use.,media-library/99-review-needed/center-social-impact-3932-heic/shared-Johnny-Martin-Jr.-CEO---Media-for-Inventory---3932-Frederick-IMG_2580.jpg
shared,"Cooperative Community Development Inc\Johnny Martin Jr., CEO - Media for Inventory - 3932 Frederick\IMG_2581.HEIC",website-media-filebase\99-review-needed\center-social-impact-3932-heic\shared-Johnny-Martin-Jr.-CEO---Media-for-Inventory---3932-Frederick-IMG_2581.HEIC,image,.heic,722996,,,Center for Social Impact / 3932 Frederick,Review-needed,Unknown,Center for Social Impact / Brick Campaign,Building inventory gallery,HEIC needs visual review/conversion before web use.,media-library/99-review-needed/center-social-impact-3932-heic/shared-Johnny-Martin-Jr.-CEO---Media-for-Inventory---3932-Frederick-IMG_2581.jpg
shared,"Cooperative Community Development Inc\Johnny Martin Jr., CEO - Media for Inventory - 3932 Frederick\IMG_2582.HEIC",website-media-filebase\99-review-needed\center-social-impact-3932-heic\shared-Johnny-Martin-Jr.-CEO---Media-for-Inventory---3932-Frederick-IMG_2582.HEIC,image,.heic,669096,,,Center for Social Impact / 3932 Frederick,Review-needed,Unknown,Center for Social Impact / Brick Campaign,Building inventory gallery,HEIC needs visual review/conversion before web use.,media-library/99-review-needed/center-social-impact-3932-heic/shared-Johnny-Martin-Jr.-CEO---Media-for-Inventory---3932-Frederick-IMG_2582.jpg
shared,"Cooperative Community Development Inc\Johnny Martin Jr., CEO - Media for Inventory - 3932 Frederick\IMG_2583.HEIC",website-media-filebase\99-review-needed\center-social-impact-3932-heic\shared-Johnny-Martin-Jr.-CEO---Media-for-Inventory---3932-Frederick-IMG_2583.HEIC,image,.heic,806365,,,Center for Social Impact / 3932 Frederick,Review-needed,Unknown,Center for Social Impact / Brick Campaign,Building inventory gallery,HEIC needs visual review/conversion before web use.,media-library/99-review-needed/center-social-impact-3932-heic/shared-Johnny-Martin-Jr.-CEO---Media-for-Inventory---3932-Frederick-IMG_2583.jpg
shared,"Cooperative Community Development Inc\Johnny Martin Jr., CEO - Media for Inventory - 3932 Frederick\IMG_2584.HEIC",website-media-filebase\99-review-needed\center-social-impact-3932-heic\shared-Johnny-Martin-Jr.-CEO---Media-for-Inventory---3932-Frederick-IMG_2584.HEIC,image,.heic,909365,,,Center for Social Impact / 3932 Frederick,Review-needed,Unknown,Center for Social Impact / Brick Campaign,Building inventory gallery,HEIC needs visual review/conversion before web use.,media-library/99-review-needed/center-social-impact-3932-heic/shared-Johnny-Martin-Jr.-CEO---Media-for-Inventory---3932-Frederick-IMG_2584.jpg
shared,"Cooperative Community Development Inc\Johnny Martin Jr., CEO - Media for Inventory - 3932 Frederick\IMG_2585.HEIC",website-media-filebase\99-review-needed\center-social-impact-3932-heic\shared-Johnny-Martin-Jr.-CEO---Media-for-Inventory---3932-Frederick-IMG_2585.HEIC,image,.heic,959341,,,Center for Social Impact / 3932 Frederick,Review-needed,Unknown,Center for Social Impact / Brick Campaign,Building inventory gallery,HEIC needs visual review/conversion before web use.,media-library/99-review-needed/center-social-impact-3932-heic/shared-Johnny-Martin-Jr.-CEO---Media-for-Inventory---3932-Frederick-IMG_2585.jpg
shared,"Cooperative Community Development Inc\Johnny Martin Jr., CEO - Media for Inventory - 3932 Frederick\IMG_2586.HEIC",website-media-filebase\99-review-needed\center-social-impact-3932-heic\shared-Johnny-Martin-Jr.-CEO---Media-for-Inventory---3932-Frederick-IMG_2586.HEIC,image,.heic,1259541,,,Center for Social Impact / 3932 Frederick,Review-needed,Unknown,Center for Social Impact / Brick Campaign,Building inventory gallery,HEIC needs visual review/conversion before web use.,media-library/99-review-needed/center-social-impact-3932-heic/shared-Johnny-Martin-Jr.-CEO---Media-for-Inventory---3932-Frederick-IMG_2586.jpg
shared,"Cooperative Community Development Inc\Johnny Martin Jr., CEO - Media for Inventory - 3932 Frederick\IMG_2587.HEIC",website-media-filebase\99-review-needed\center-social-impact-3932-heic\shared-Johnny-Martin-Jr.-CEO---Media-for-Inventory---3932-Frederick-IMG_2587.HEIC,image,.heic,864116,,,Center for Social Impact / 3932 Frederick,Review-needed,Unknown,Center for Social Impact / Brick Campaign,Building inventory gallery,HEIC needs visual review/conversion before web use.,media-library/99-review-needed/center-social-impact-3932-heic/shared-Johnny-Martin-Jr.-CEO---Media-for-Inventory---3932-Frederick-IMG_2587.jpg
shared,"Cooperative Community Development Inc\Johnny Martin Jr., CEO - Media for Inventory - 3932 Frederick\IMG_2588.HEIC",website-media-filebase\99-review-needed\center-social-impact-3932-heic\shared-Johnny-Martin-Jr.-CEO---Media-for-Inventory---3932-Frederick-IMG_2588.HEIC,image,.heic,1270326,,,Center for Social Impact / 3932 Frederick,Review-needed,Unknown,Center for Social Impact / Brick Campaign,Building inventory gallery,HEIC needs visual review/conversion before web use.,media-library/99-review-needed/center-social-impact-3932-heic/shared-Johnny-Martin-Jr.-CEO---Media-for-Inventory---3932-Frederick-IMG_2588.jpg
shared,"Cooperative Community Development Inc\Johnny Martin Jr., CEO - Media for Inventory - 3932 Frederick\IMG_2589.HEIC",website-media-filebase\99-review-needed\center-social-impact-3932-heic\shared-Johnny-Martin-Jr.-CEO---Media-for-Inventory---3932-Frederick-IMG_2589.HEIC,image,.heic,704992,,,Center for Social Impact / 3932 Frederick,Review-needed,Unknown,Center for Social Impact / Brick Campaign,Building inventory gallery,HEIC needs visual review/conversion before web use.,media-library/99-review-needed/center-social-impact-3932-heic/shared-Johnny-Martin-Jr.-CEO---Media-for-Inventory---3932-Frederick-IMG_2589.jpg
shared,"Cooperative Community Development Inc\Johnny Martin Jr., CEO - Media for Inventory - 3932 Frederick\IMG_2590.HEIC",website-media-filebase\99-review-needed\center-social-impact-3932-heic\shared-Johnny-Martin-Jr.-CEO---Media-for-Inventory---3932-Frederick-IMG_2590.HEIC,image,.heic,690118,,,Center for Social Impact / 3932 Frederick,Review-needed,Unknown,Center for Social Impact / Brick Campaign,Building inventory gallery,HEIC needs visual review/conversion before web use.,media-library/99-review-needed/center-social-impact-3932-heic/shared-Johnny-Martin-Jr.-CEO---Media-for-Inventory---3932-Frederick-IMG_2590.jpg
shared,"Cooperative Community Development Inc\Johnny Martin Jr., CEO - Media for Inventory - 3932 Frederick\IMG_2591.HEIC",website-media-filebase\99-review-needed\center-social-impact-3932-heic\shared-Johnny-Martin-Jr.-CEO---Media-for-Inventory---3932-Frederick-IMG_2591.HEIC,image,.heic,697465,,,Center for Social Impact / 3932 Frederick,Review-needed,Unknown,Center for Social Impact / Brick Campaign,Building inventory gallery,HEIC needs visual review/conversion before web use.,media-library/99-review-needed/center-social-impact-3932-heic/shared-Johnny-Martin-Jr.-CEO---Media-for-Inventory---3932-Frederick-IMG_2591.jpg
shared,"Cooperative Community Development Inc\Johnny Martin Jr., CEO - Media for Inventory - 3932 Frederick\IMG_2592.HEIC",website-media-filebase\99-review-needed\center-social-impact-3932-heic\shared-Johnny-Martin-Jr.-CEO---Media-for-Inventory---3932-Frederick-IMG_2592.HEIC,image,.heic,709826,,,Center for Social Impact / 3932 Frederick,Review-needed,Unknown,Center for Social Impact / Brick Campaign,Building inventory gallery,HEIC needs visual review/conversion before web use.,media-library/99-review-needed/center-social-impact-3932-heic/shared-Johnny-Martin-Jr.-CEO---Media-for-Inventory---3932-Frederick-IMG_2592.jpg
shared,"Cooperative Community Development Inc\Johnny Martin Jr., CEO - Media for Inventory - 3932 Frederick\IMG_2593.HEIC",website-media-filebase\99-review-needed\center-social-impact-3932-heic\shared-Johnny-Martin-Jr.-CEO---Media-for-Inventory---3932-Frederick-IMG_2593.HEIC,image,.heic,791263,,,Center for Social Impact / 3932 Frederick,Review-needed,Unknown,Center for Social Impact / Brick Campaign,Building inventory gallery,HEIC needs visual review/conversion before web use.,media-library/99-review-needed/center-social-impact-3932-heic/shared-Johnny-Martin-Jr.-CEO---Media-for-Inventory---3932-Frederick-IMG_2593.jpg
shared,"Cooperative Community Development Inc\Johnny Martin Jr., CEO - Media for Inventory - 3932 Frederick\IMG_2594.HEIC",website-media-filebase\99-review-needed\center-social-impact-3932-heic\shared-Johnny-Martin-Jr.-CEO---Media-for-Inventory---3932-Frederick-IMG_2594.HEIC,image,.heic,818871,,,Center for Social Impact / 3932 Frederick,Review-needed,Unknown,Center for Social Impact / Brick Campaign,Building inventory gallery,HEIC needs visual review/conversion before web use.,media-library/99-review-needed/center-social-impact-3932-heic/shared-Johnny-Martin-Jr.-CEO---Media-for-Inventory---3932-Frederick-IMG_2594.jpg
shared,"Cooperative Community Development Inc\Johnny Martin Jr., CEO - Media for Inventory - 3932 Frederick\IMG_2595.HEIC",website-media-filebase\99-review-needed\center-social-impact-3932-heic\shared-Johnny-Martin-Jr.-CEO---Media-for-Inventory---3932-Frederick-IMG_2595.HEIC,image,.heic,952767,,,Center for Social Impact / 3932 Frederick,Review-needed,Unknown,Center for Social Impact / Brick Campaign,Building inventory gallery,HEIC needs visual review/conversion before web use.,media-library/99-review-needed/center-social-impact-3932-heic/shared-Johnny-Martin-Jr.-CEO---Media-for-Inventory---3932-Frederick-IMG_2595.jpg
shared,"Cooperative Community Development Inc\Johnny Martin Jr., CEO - Media for Inventory - 3932 Frederick\IMG_2596.HEIC",website-media-filebase\99-review-needed\center-social-impact-3932-heic\shared-Johnny-Martin-Jr.-CEO---Media-for-Inventory---3932-Frederick-IMG_2596.HEIC,image,.heic,657508,,,Center for Social Impact / 3932 Frederick,Review-needed,Unknown,Center for Social Impact / Brick Campaign,Building inventory gallery,HEIC needs visual review/conversion before web use.,media-library/99-review-needed/center-social-impact-3932-heic/shared-Johnny-Martin-Jr.-CEO---Media-for-Inventory---3932-Frederick-IMG_2596.jpg
shared,"Cooperative Community Development Inc\Johnny Martin Jr., CEO - Media for Inventory - 3932 Frederick\IMG_2597.HEIC",website-media-filebase\99-review-needed\center-social-impact-3932-heic\shared-Johnny-Martin-Jr.-CEO---Media-for-Inventory---3932-Frederick-IMG_2597.HEIC,image,.heic,622432,,,Center for Social Impact / 3932 Frederick,Review-needed,Unknown,Center for Social Impact / Brick Campaign,Building inventory gallery,HEIC needs visual review/conversion before web use.,media-library/99-review-needed/center-social-impact-3932-heic/shared-Johnny-Martin-Jr.-CEO---Media-for-Inventory---3932-Frederick-IMG_2597.jpg
shared,"Cooperative Community Development Inc\Johnny Martin Jr., CEO - Media for Inventory - 3932 Frederick\IMG_2598.HEIC",website-media-filebase\99-review-needed\center-social-impact-3932-heic\shared-Johnny-Martin-Jr.-CEO---Media-for-Inventory---3932-Frederick-IMG_2598.HEIC,image,.heic,780547,,,Center for Social Impact / 3932 Frederick,Review-needed,Unknown,Center for Social Impact / Brick Campaign,Building inventory gallery,HEIC needs visual review/conversion before web use.,media-library/99-review-needed/center-social-impact-3932-heic/shared-Johnny-Martin-Jr.-CEO---Media-for-Inventory---3932-Frederick-IMG_2598.jpg
shared,"Cooperative Community Development Inc\Johnny Martin Jr., CEO - Media for Inventory - 3932 Frederick\IMG_2599.HEIC",website-media-filebase\99-review-needed\center-social-impact-3932-heic\shared-Johnny-Martin-Jr.-CEO---Media-for-Inventory---3932-Frederick-IMG_2599.HEIC,image,.heic,837280,,,Center for Social Impact / 3932 Frederick,Review-needed,Unknown,Center for Social Impact / Brick Campaign,Building inventory gallery,HEIC needs visual review/conversion before web use.,media-library/99-review-needed/center-social-impact-3932-heic/shared-Johnny-Martin-Jr.-CEO---Media-for-Inventory---3932-Frederick-IMG_2599.jpg
shared,"Cooperative Community Development Inc\Johnny Martin Jr., CEO - Media for Inventory - 3932 Frederick\IMG_2600.HEIC",website-media-filebase\99-review-needed\center-social-impact-3932-heic\shared-Johnny-Martin-Jr.-CEO---Media-for-Inventory---3932-Frederick-IMG_2600.HEIC,image,.heic,1160588,,,Center for Social Impact / 3932 Frederick,Review-needed,Unknown,Center for Social Impact / Brick Campaign,Building inventory gallery,HEIC needs visual review/conversion before web use.,media-library/99-review-needed/center-social-impact-3932-heic/shared-Johnny-Martin-Jr.-CEO---Media-for-Inventory---3932-Frederick-IMG_2600.jpg
shared,"Cooperative Community Development Inc\Johnny Martin Jr., CEO - Media for Inventory - 3932 Frederick\IMG_2601.HEIC",website-media-filebase\99-review-needed\center-social-impact-3932-heic\shared-Johnny-Martin-Jr.-CEO---Media-for-Inventory---3932-Frederick-IMG_2601.HEIC,image,.heic,1396984,,,Center for Social Impact / 3932 Frederick,Review-needed,Unknown,Center for Social Impact / Brick Campaign,Building inventory gallery,HEIC needs visual review/conversion before web use.,media-library/99-review-needed/center-social-impact-3932-heic/shared-Johnny-Martin-Jr.-CEO---Media-for-Inventory---3932-Frederick-IMG_2601.jpg
shared,"Cooperative Community Development Inc\Johnny Martin Jr., CEO - Media for Inventory - 3932 Frederick\IMG_2602.HEIC",website-media-filebase\99-review-needed\center-social-impact-3932-heic\shared-Johnny-Martin-Jr.-CEO---Media-for-Inventory---3932-Frederick-IMG_2602.HEIC,image,.heic,1793872,,,Center for Social Impact / 3932 Frederick,Review-needed,Unknown,Center for Social Impact / Brick Campaign,Building inventory gallery,HEIC needs visual review/conversion before web use.,media-library/99-review-needed/center-social-impact-3932-heic/shared-Johnny-Martin-Jr.-CEO---Media-for-Inventory---3932-Frederick-IMG_2602.jpg
shared,"Cooperative Community Development Inc\Johnny Martin Jr., CEO - Media for Inventory - 3932 Frederick\IMG_2603.HEIC",website-media-filebase\99-review-needed\center-social-impact-3932-heic\shared-Johnny-Martin-Jr.-CEO---Media-for-Inventory---3932-Frederick-IMG_2603.HEIC,image,.heic,1150998,,,Center for Social Impact / 3932 Frederick,Review-needed,Unknown,Center for Social Impact / Brick Campaign,Building inventory gallery,HEIC needs visual review/conversion before web use.,media-library/99-review-needed/center-social-impact-3932-heic/shared-Johnny-Martin-Jr.-CEO---Media-for-Inventory---3932-Frederick-IMG_2603.jpg
shared,"Cooperative Community Development Inc\Johnny Martin Jr., CEO - Media for Inventory - 3932 Frederick\IMG_2604.HEIC",website-media-filebase\99-review-needed\center-social-impact-3932-heic\shared-Johnny-Martin-Jr.-CEO---Media-for-Inventory---3932-Frederick-IMG_2604.HEIC,image,.heic,1289929,,,Center for Social Impact / 3932 Frederick,Review-needed,Unknown,Center for Social Impact / Brick Campaign,Building inventory gallery,HEIC needs visual review/conversion before web use.,media-library/99-review-needed/center-social-impact-3932-heic/shared-Johnny-Martin-Jr.-CEO---Media-for-Inventory---3932-Frederick-IMG_2604.jpg
shared,"Cooperative Community Development Inc\Johnny Martin Jr., CEO - Media for Inventory - 3932 Frederick\IMG_2605.HEIC",website-media-filebase\99-review-needed\center-social-impact-3932-heic\shared-Johnny-Martin-Jr.-CEO---Media-for-Inventory---3932-Frederick-IMG_2605.HEIC,image,.heic,1315168,,,Center for Social Impact / 3932 Frederick,Review-needed,Unknown,Center for Social Impact / Brick Campaign,Building inventory gallery,HEIC needs visual review/conversion before web use.,media-library/99-review-needed/center-social-impact-3932-heic/shared-Johnny-Martin-Jr.-CEO---Media-for-Inventory---3932-Frederick-IMG_2605.jpg
shared,"Cooperative Community Development Inc\Johnny Martin Jr., CEO - Media for Inventory - 3932 Frederick\IMG_2606.HEIC",website-media-filebase\99-review-needed\center-social-impact-3932-heic\shared-Johnny-Martin-Jr.-CEO---Media-for-Inventory---3932-Frederick-IMG_2606.HEIC,image,.heic,1218711,,,Center for Social Impact / 3932 Frederick,Review-needed,Unknown,Center for Social Impact / Brick Campaign,Building inventory gallery,HEIC needs visual review/conversion before web use.,media-library/99-review-needed/center-social-impact-3932-heic/shared-Johnny-Martin-Jr.-CEO---Media-for-Inventory---3932-Frederick-IMG_2606.jpg
shared,"Cooperative Community Development Inc\Johnny Martin Jr., CEO - Media for Inventory - 3932 Frederick\IMG_2607.HEIC",website-media-filebase\99-review-needed\center-social-impact-3932-heic\shared-Johnny-Martin-Jr.-CEO---Media-for-Inventory---3932-Frederick-IMG_2607.HEIC,image,.heic,1207896,,,Center for Social Impact / 3932 Frederick,Review-needed,Unknown,Center for Social Impact / Brick Campaign,Building inventory gallery,HEIC needs visual review/conversion before web use.,media-library/99-review-needed/center-social-impact-3932-heic/shared-Johnny-Martin-Jr.-CEO---Media-for-Inventory---3932-Frederick-IMG_2607.jpg
shared,"Cooperative Community Development Inc\Johnny Martin Jr., CEO - Media for Inventory - 3932 Frederick\IMG_2608.HEIC",website-media-filebase\99-review-needed\center-social-impact-3932-heic\shared-Johnny-Martin-Jr.-CEO---Media-for-Inventory---3932-Frederick-IMG_2608.HEIC,image,.heic,1139755,,,Center for Social Impact / 3932 Frederick,Review-needed,Unknown,Center for Social Impact / Brick Campaign,Building inventory gallery,HEIC needs visual review/conversion before web use.,media-library/99-review-needed/center-social-impact-3932-heic/shared-Johnny-Martin-Jr.-CEO---Media-for-Inventory---3932-Frederick-IMG_2608.jpg
shared,"Cooperative Community Development Inc\Johnny Martin Jr., CEO - Media for Inventory - 3932 Frederick\IMG_2609.HEIC",website-media-filebase\99-review-needed\center-social-impact-3932-heic\shared-Johnny-Martin-Jr.-CEO---Media-for-Inventory---3932-Frederick-IMG_2609.HEIC,image,.heic,1398238,,,Center for Social Impact / 3932 Frederick,Review-needed,Unknown,Center for Social Impact / Brick Campaign,Building inventory gallery,HEIC needs visual review/conversion before web use.,media-library/99-review-needed/center-social-impact-3932-heic/shared-Johnny-Martin-Jr.-CEO---Media-for-Inventory---3932-Frederick-IMG_2609.jpg
shared,"Cooperative Community Development Inc\Johnny Martin Jr., CEO - Media for Inventory - 3932 Frederick\IMG_2610.HEIC",website-media-filebase\99-review-needed\center-social-impact-3932-heic\shared-Johnny-Martin-Jr.-CEO---Media-for-Inventory---3932-Frederick-IMG_2610.HEIC,image,.heic,1371570,,,Center for Social Impact / 3932 Frederick,Review-needed,Unknown,Center for Social Impact / Brick Campaign,Building inventory gallery,HEIC needs visual review/conversion before web use.,media-library/99-review-needed/center-social-impact-3932-heic/shared-Johnny-Martin-Jr.-CEO---Media-for-Inventory---3932-Frederick-IMG_2610.jpg
shared,"Cooperative Community Development Inc\Johnny Martin Jr., CEO - Media for Inventory - 3932 Frederick\IMG_2611.HEIC",website-media-filebase\99-review-needed\center-social-impact-3932-heic\shared-Johnny-Martin-Jr.-CEO---Media-for-Inventory---3932-Frederick-IMG_2611.HEIC,image,.heic,1282706,,,Center for Social Impact / 3932 Frederick,Review-needed,Unknown,Center for Social Impact / Brick Campaign,Building inventory gallery,HEIC needs visual review/conversion before web use.,media-library/99-review-needed/center-social-impact-3932-heic/shared-Johnny-Martin-Jr.-CEO---Media-for-Inventory---3932-Frederick-IMG_2611.jpg
shared,"Cooperative Community Development Inc\Johnny Martin Jr., CEO - Media for Inventory - 3932 Frederick\IMG_2612.HEIC",website-media-filebase\99-review-needed\center-social-impact-3932-heic\shared-Johnny-Martin-Jr.-CEO---Media-for-Inventory---3932-Frederick-IMG_2612.HEIC,image,.heic,1284750,,,Center for Social Impact / 3932 Frederick,Review-needed,Unknown,Center for Social Impact / Brick Campaign,Building inventory gallery,HEIC needs visual review/conversion before web use.,media-library/99-review-needed/center-social-impact-3932-heic/shared-Johnny-Martin-Jr.-CEO---Media-for-Inventory---3932-Frederick-IMG_2612.jpg
shared,"Cooperative Community Development Inc\Johnny Martin Jr., CEO - Media for Inventory - 3932 Frederick\IMG_2613.HEIC",website-media-filebase\99-review-needed\center-social-impact-3932-heic\shared-Johnny-Martin-Jr.-CEO---Media-for-Inventory---3932-Frederick-IMG_2613.HEIC,image,.heic,1208211,,,Center for Social Impact / 3932 Frederick,Review-needed,Unknown,Center for Social Impact / Brick Campaign,Building inventory gallery,HEIC needs visual review/conversion before web use.,media-library/99-review-needed/center-social-impact-3932-heic/shared-Johnny-Martin-Jr.-CEO---Media-for-Inventory---3932-Frederick-IMG_2613.jpg
shared,"Cooperative Community Development Inc\Johnny Martin Jr., CEO - Media for Inventory - 3932 Frederick\IMG_2614.HEIC",website-media-filebase\99-review-needed\center-social-impact-3932-heic\shared-Johnny-Martin-Jr.-CEO---Media-for-Inventory---3932-Frederick-IMG_2614.HEIC,image,.heic,973686,,,Center for Social Impact / 3932 Frederick,Review-needed,Unknown,Center for Social Impact / Brick Campaign,Building inventory gallery,HEIC needs visual review/conversion before web use.,media-library/99-review-needed/center-social-impact-3932-heic/shared-Johnny-Martin-Jr.-CEO---Media-for-Inventory---3932-Frederick-IMG_2614.jpg
shared,"Cooperative Community Development Inc\Johnny Martin Jr., CEO - Media for Inventory - 3932 Frederick\IMG_2615.HEIC",website-media-filebase\99-review-needed\center-social-impact-3932-heic\shared-Johnny-Martin-Jr.-CEO---Media-for-Inventory---3932-Frederick-IMG_2615.HEIC,image,.heic,1961078,,,Center for Social Impact / 3932 Frederick,Review-needed,Unknown,Center for Social Impact / Brick Campaign,Building inventory gallery,HEIC needs visual review/conversion before web use.,media-library/99-review-needed/center-social-impact-3932-heic/shared-Johnny-Martin-Jr.-CEO---Media-for-Inventory---3932-Frederick-IMG_2615.jpg
shared,"Cooperative Community Development Inc\Johnny Martin Jr., CEO - Media for Inventory - 3932 Frederick\IMG_2616.HEIC",website-media-filebase\99-review-needed\center-social-impact-3932-heic\shared-Johnny-Martin-Jr.-CEO---Media-for-Inventory---3932-Frederick-IMG_2616.HEIC,image,.heic,1268508,,,Center for Social Impact / 3932 Frederick,Review-needed,Unknown,Center for Social Impact / Brick Campaign,Building inventory gallery,HEIC needs visual review/conversion before web use.,media-library/99-review-needed/center-social-impact-3932-heic/shared-Johnny-Martin-Jr.-CEO---Media-for-Inventory---3932-Frederick-IMG_2616.jpg
shared,"Cooperative Community Development Inc\Johnny Martin Jr., CEO - Media for Inventory - 3932 Frederick\IMG_2617.HEIC",website-media-filebase\99-review-needed\center-social-impact-3932-heic\shared-Johnny-Martin-Jr.-CEO---Media-for-Inventory---3932-Frederick-IMG_2617.HEIC,image,.heic,1197128,,,Center for Social Impact / 3932 Frederick,Review-needed,Unknown,Center for Social Impact / Brick Campaign,Building inventory gallery,HEIC needs visual review/conversion before web use.,media-library/99-review-needed/center-social-impact-3932-heic/shared-Johnny-Martin-Jr.-CEO---Media-for-Inventory---3932-Frederick-IMG_2617.jpg
shared,"Cooperative Community Development Inc\Johnny Martin Jr., CEO - Media for Inventory - 3932 Frederick\IMG_2618.HEIC",website-media-filebase\99-review-needed\center-social-impact-3932-heic\shared-Johnny-Martin-Jr.-CEO---Media-for-Inventory---3932-Frederick-IMG_2618.HEIC,image,.heic,1192990,,,Center for Social Impact / 3932 Frederick,Review-needed,Unknown,Center for Social Impact / Brick Campaign,Building inventory gallery,HEIC needs visual review/conversion before web use.,media-library/99-review-needed/center-social-impact-3932-heic/shared-Johnny-Martin-Jr.-CEO---Media-for-Inventory---3932-Frederick-IMG_2618.jpg
shared,"Cooperative Community Development Inc\Johnny Martin Jr., CEO - Media for Inventory - 3932 Frederick\IMG_2619.HEIC",website-media-filebase\99-review-needed\center-social-impact-3932-heic\shared-Johnny-Martin-Jr.-CEO---Media-for-Inventory---3932-Frederick-IMG_2619.HEIC,image,.heic,1189990,,,Center for Social Impact / 3932 Frederick,Review-needed,Unknown,Center for Social Impact / Brick Campaign,Building inventory gallery,HEIC needs visual review/conversion before web use.,media-library/99-review-needed/center-social-impact-3932-heic/shared-Johnny-Martin-Jr.-CEO---Media-for-Inventory---3932-Frederick-IMG_2619.jpg
shared,"Cooperative Community Development Inc\Johnny Martin Jr., CEO - Media for Inventory - 3932 Frederick\IMG_2620.HEIC",website-media-filebase\99-review-needed\center-social-impact-3932-heic\shared-Johnny-Martin-Jr.-CEO---Media-for-Inventory---3932-Frederick-IMG_2620.HEIC,image,.heic,1223233,,,Center for Social Impact / 3932 Frederick,Review-needed,Unknown,Center for Social Impact / Brick Campaign,Building inventory gallery,HEIC needs visual review/conversion before web use.,media-library/99-review-needed/center-social-impact-3932-heic/shared-Johnny-Martin-Jr.-CEO---Media-for-Inventory---3932-Frederick-IMG_2620.jpg
shared,"Cooperative Community Development Inc\Johnny Martin Jr., CEO - Media for Inventory - 3932 Frederick\IMG_2621.HEIC",website-media-filebase\99-review-needed\center-social-impact-3932-heic\shared-Johnny-Martin-Jr.-CEO---Media-for-Inventory---3932-Frederick-IMG_2621.HEIC,image,.heic,1279981,,,Center for Social Impact / 3932 Frederick,Review-needed,Unknown,Center for Social Impact / Brick Campaign,Building inventory gallery,HEIC needs visual review/conversion before web use.,media-library/99-review-needed/center-social-impact-3932-heic/shared-Johnny-Martin-Jr.-CEO---Media-for-Inventory---3932-Frederick-IMG_2621.jpg
shared,"Cooperative Community Development Inc\Johnny Martin Jr., CEO - Media for Inventory - 3932 Frederick\IMG_2622.HEIC",website-media-filebase\99-review-needed\center-social-impact-3932-heic\shared-Johnny-Martin-Jr.-CEO---Media-for-Inventory---3932-Frederick-IMG_2622.HEIC,image,.heic,1980586,,,Center for Social Impact / 3932 Frederick,Review-needed,Unknown,Center for Social Impact / Brick Campaign,Building inventory gallery,HEIC needs visual review/conversion before web use.,media-library/99-review-needed/center-social-impact-3932-heic/shared-Johnny-Martin-Jr.-CEO---Media-for-Inventory---3932-Frederick-IMG_2622.jpg
shared,"Cooperative Community Development Inc\Johnny Martin Jr., CEO - Media for Inventory - 3932 Frederick\IMG_2623.HEIC",website-media-filebase\99-review-needed\center-social-impact-3932-heic\shared-Johnny-Martin-Jr.-CEO---Media-for-Inventory---3932-Frederick-IMG_2623.HEIC,image,.heic,1377898,,,Center for Social Impact / 3932 Frederick,Review-needed,Unknown,Center for Social Impact / Brick Campaign,Building inventory gallery,HEIC needs visual review/conversion before web use.,media-library/99-review-needed/center-social-impact-3932-heic/shared-Johnny-Martin-Jr.-CEO---Media-for-Inventory---3932-Frederick-IMG_2623.jpg
shared,"Cooperative Community Development Inc\Johnny Martin Jr., CEO - Media for Inventory - 3932 Frederick\IMG_2624.HEIC",website-media-filebase\99-review-needed\center-social-impact-3932-heic\shared-Johnny-Martin-Jr.-CEO---Media-for-Inventory---3932-Frederick-IMG_2624.HEIC,image,.heic,1484910,,,Center for Social Impact / 3932 Frederick,Review-needed,Unknown,Center for Social Impact / Brick Campaign,Building inventory gallery,HEIC needs visual review/conversion before web use.,media-library/99-review-needed/center-social-impact-3932-heic/shared-Johnny-Martin-Jr.-CEO---Media-for-Inventory---3932-Frederick-IMG_2624.jpg
shared,"Cooperative Community Development Inc\Johnny Martin Jr., CEO - Media for Inventory - 3932 Frederick\IMG_2625.HEIC",website-media-filebase\99-review-needed\center-social-impact-3932-heic\shared-Johnny-Martin-Jr.-CEO---Media-for-Inventory---3932-Frederick-IMG_2625.HEIC,image,.heic,1189243,,,Center for Social Impact / 3932 Frederick,Review-needed,Unknown,Center for Social Impact / Brick Campaign,Building inventory gallery,HEIC needs visual review/conversion before web use.,media-library/99-review-needed/center-social-impact-3932-heic/shared-Johnny-Martin-Jr.-CEO---Media-for-Inventory---3932-Frederick-IMG_2625.jpg
shared,"Cooperative Community Development Inc\Johnny Martin Jr., CEO - Media for Inventory - 3932 Frederick\IMG_2626.HEIC",website-media-filebase\99-review-needed\center-social-impact-3932-heic\shared-Johnny-Martin-Jr.-CEO---Media-for-Inventory---3932-Frederick-IMG_2626.HEIC,image,.heic,1179277,,,Center for Social Impact / 3932 Frederick,Review-needed,Unknown,Center for Social Impact / Brick Campaign,Building inventory gallery,HEIC needs visual review/conversion before web use.,media-library/99-review-needed/center-social-impact-3932-heic/shared-Johnny-Martin-Jr.-CEO---Media-for-Inventory---3932-Frederick-IMG_2626.jpg
shared,"Cooperative Community Development Inc\Johnny Martin Jr., CEO - Media for Inventory - 3932 Frederick\IMG_2627.HEIC",website-media-filebase\99-review-needed\center-social-impact-3932-heic\shared-Johnny-Martin-Jr.-CEO---Media-for-Inventory---3932-Frederick-IMG_2627.HEIC,image,.heic,1721430,,,Center for Social Impact / 3932 Frederick,Review-needed,Unknown,Center for Social Impact / Brick Campaign,Building inventory gallery,HEIC needs visual review/conversion before web use.,media-library/99-review-needed/center-social-impact-3932-heic/shared-Johnny-Martin-Jr.-CEO---Media-for-Inventory---3932-Frederick-IMG_2627.jpg
shared,"Cooperative Community Development Inc\Johnny Martin Jr., CEO - Media for Inventory - 3932 Frederick\IMG_2628.HEIC",website-media-filebase\99-review-needed\center-social-impact-3932-heic\shared-Johnny-Martin-Jr.-CEO---Media-for-Inventory---3932-Frederick-IMG_2628.HEIC,image,.heic,1300432,,,Center for Social Impact / 3932 Frederick,Review-needed,Unknown,Center for Social Impact / Brick Campaign,Building inventory gallery,HEIC needs visual review/conversion before web use.,media-library/99-review-needed/center-social-impact-3932-heic/shared-Johnny-Martin-Jr.-CEO---Media-for-Inventory---3932-Frederick-IMG_2628.jpg
shared,"Cooperative Community Development Inc\Johnny Martin Jr., CEO - Media for Inventory - 3932 Frederick\IMG_2629.HEIC",website-media-filebase\99-review-needed\center-social-impact-3932-heic\shared-Johnny-Martin-Jr.-CEO---Media-for-Inventory---3932-Frederick-IMG_2629.HEIC,image,.heic,1132590,,,Center for Social Impact / 3932 Frederick,Review-needed,Unknown,Center for Social Impact / Brick Campaign,Building inventory gallery,HEIC needs visual review/conversion before web use.,media-library/99-review-needed/center-social-impact-3932-heic/shared-Johnny-Martin-Jr.-CEO---Media-for-Inventory---3932-Frederick-IMG_2629.jpg
shared,"Cooperative Community Development Inc\Johnny Martin Jr., CEO - Media for Inventory - 3932 Frederick\IMG_2630.HEIC",website-media-filebase\99-review-needed\center-social-impact-3932-heic\shared-Johnny-Martin-Jr.-CEO---Media-for-Inventory---3932-Frederick-IMG_2630.HEIC,image,.heic,903986,,,Center for Social Impact / 3932 Frederick,Review-needed,Unknown,Center for Social Impact / Brick Campaign,Building inventory gallery,HEIC needs visual review/conversion before web use.,media-library/99-review-needed/center-social-impact-3932-heic/shared-Johnny-Martin-Jr.-CEO---Media-for-Inventory---3932-Frederick-IMG_2630.jpg
shared,"Cooperative Community Development Inc\Johnny Martin Jr., CEO - Media for Inventory - 3932 Frederick\IMG_2631.HEIC",website-media-filebase\99-review-needed\center-social-impact-3932-heic\shared-Johnny-Martin-Jr.-CEO---Media-for-Inventory---3932-Frederick-IMG_2631.HEIC,image,.heic,2055000,,,Center for Social Impact / 3932 Frederick,Review-needed,Unknown,Center for Social Impact / Brick Campaign,Building inventory gallery,HEIC needs visual review/conversion before web use.,media-library/99-review-needed/center-social-impact-3932-heic/shared-Johnny-Martin-Jr.-CEO---Media-for-Inventory---3932-Frederick-IMG_2631.jpg
shared,"Cooperative Community Development Inc\Johnny Martin Jr., CEO - Media for Inventory - 3932 Frederick\IMG_2632.HEIC",website-media-filebase\99-review-needed\center-social-impact-3932-heic\shared-Johnny-Martin-Jr.-CEO---Media-for-Inventory---3932-Frederick-IMG_2632.HEIC,image,.heic,932081,,,Center for Social Impact / 3932 Frederick,Review-needed,Unknown,Center for Social Impact / Brick Campaign,Building inventory gallery,HEIC needs visual review/conversion before web use.,media-library/99-review-needed/center-social-impact-3932-heic/shared-Johnny-Martin-Jr.-CEO---Media-for-Inventory---3932-Frederick-IMG_2632.jpg
shared,"Cooperative Community Development Inc\Johnny Martin Jr., CEO - Media for Inventory - 3932 Frederick\IMG_2633.HEIC",website-media-filebase\99-review-needed\center-social-impact-3932-heic\shared-Johnny-Martin-Jr.-CEO---Media-for-Inventory---3932-Frederick-IMG_2633.HEIC,image,.heic,913827,,,Center for Social Impact / 3932 Frederick,Review-needed,Unknown,Center for Social Impact / Brick Campaign,Building inventory gallery,HEIC needs visual review/conversion before web use.,media-library/99-review-needed/center-social-impact-3932-heic/shared-Johnny-Martin-Jr.-CEO---Media-for-Inventory---3932-Frederick-IMG_2633.jpg
shared,"Cooperative Community Development Inc\Johnny Martin Jr., CEO - Media for Inventory - 3932 Frederick\IMG_2634.HEIC",website-media-filebase\99-review-needed\center-social-impact-3932-heic\shared-Johnny-Martin-Jr.-CEO---Media-for-Inventory---3932-Frederick-IMG_2634.HEIC,image,.heic,1123131,,,Center for Social Impact / 3932 Frederick,Review-needed,Unknown,Center for Social Impact / Brick Campaign,Building inventory gallery,HEIC needs visual review/conversion before web use.,media-library/99-review-needed/center-social-impact-3932-heic/shared-Johnny-Martin-Jr.-CEO---Media-for-Inventory---3932-Frederick-IMG_2634.jpg
shared,"Cooperative Community Development Inc\Johnny Martin Jr., CEO - Media for Inventory - 3932 Frederick\IMG_2635.HEIC",website-media-filebase\99-review-needed\center-social-impact-3932-heic\shared-Johnny-Martin-Jr.-CEO---Media-for-Inventory---3932-Frederick-IMG_2635.HEIC,image,.heic,785269,,,Center for Social Impact / 3932 Frederick,Review-needed,Unknown,Center for Social Impact / Brick Campaign,Building inventory gallery,HEIC needs visual review/conversion before web use.,media-library/99-review-needed/center-social-impact-3932-heic/shared-Johnny-Martin-Jr.-CEO---Media-for-Inventory---3932-Frederick-IMG_2635.jpg
shared,"Cooperative Community Development Inc\Johnny Martin Jr., CEO - Media for Inventory - 3932 Frederick\IMG_2636.HEIC",website-media-filebase\99-review-needed\center-social-impact-3932-heic\shared-Johnny-Martin-Jr.-CEO---Media-for-Inventory---3932-Frederick-IMG_2636.HEIC,image,.heic,1167050,,,Center for Social Impact / 3932 Frederick,Review-needed,Unknown,Center for Social Impact / Brick Campaign,Building inventory gallery,HEIC needs visual review/conversion before web use.,media-library/99-review-needed/center-social-impact-3932-heic/shared-Johnny-Martin-Jr.-CEO---Media-for-Inventory---3932-Frederick-IMG_2636.jpg
shared,"Cooperative Community Development Inc\Johnny Martin Jr., CEO - Media for Inventory - 3932 Frederick\IMG_2637.HEIC",website-media-filebase\99-review-needed\center-social-impact-3932-heic\shared-Johnny-Martin-Jr.-CEO---Media-for-Inventory---3932-Frederick-IMG_2637.HEIC,image,.heic,967352,,,Center for Social Impact / 3932 Frederick,Review-needed,Unknown,Center for Social Impact / Brick Campaign,Building inventory gallery,HEIC needs visual review/conversion before web use.,media-library/99-review-needed/center-social-impact-3932-heic/shared-Johnny-Martin-Jr.-CEO---Media-for-Inventory---3932-Frederick-IMG_2637.jpg
shared,"Cooperative Community Development Inc\Johnny Martin Jr., CEO - Media for Inventory - 3932 Frederick\IMG_2638.HEIC",website-media-filebase\99-review-needed\center-social-impact-3932-heic\shared-Johnny-Martin-Jr.-CEO---Media-for-Inventory---3932-Frederick-IMG_2638.HEIC,image,.heic,929350,,,Center for Social Impact / 3932 Frederick,Review-needed,Unknown,Center for Social Impact / Brick Campaign,Building inventory gallery,HEIC needs visual review/conversion before web use.,media-library/99-review-needed/center-social-impact-3932-heic/shared-Johnny-Martin-Jr.-CEO---Media-for-Inventory---3932-Frederick-IMG_2638.jpg
shared,"Cooperative Community Development Inc\Johnny Martin Jr., CEO - Media for Inventory - 3932 Frederick\IMG_2639.HEIC",website-media-filebase\99-review-needed\center-social-impact-3932-heic\shared-Johnny-Martin-Jr.-CEO---Media-for-Inventory---3932-Frederick-IMG_2639.HEIC,image,.heic,795797,,,Center for Social Impact / 3932 Frederick,Review-needed,Unknown,Center for Social Impact / Brick Campaign,Building inventory gallery,HEIC needs visual review/conversion before web use.,media-library/99-review-needed/center-social-impact-3932-heic/shared-Johnny-Martin-Jr.-CEO---Media-for-Inventory---3932-Frederick-IMG_2639.jpg
shared,"Cooperative Community Development Inc\Johnny Martin Jr., CEO - Media for Inventory - 3932 Frederick\IMG_2640.HEIC",website-media-filebase\99-review-needed\center-social-impact-3932-heic\shared-Johnny-Martin-Jr.-CEO---Media-for-Inventory---3932-Frederick-IMG_2640.HEIC,image,.heic,806626,,,Center for Social Impact / 3932 Frederick,Review-needed,Unknown,Center for Social Impact / Brick Campaign,Building inventory gallery,HEIC needs visual review/conversion before web use.,media-library/99-review-needed/center-social-impact-3932-heic/shared-Johnny-Martin-Jr.-CEO---Media-for-Inventory---3932-Frederick-IMG_2640.jpg
shared,"Cooperative Community Development Inc\Johnny Martin Jr., CEO - Media for Inventory - 3932 Frederick\IMG_2641.HEIC",website-media-filebase\99-review-needed\center-social-impact-3932-heic\shared-Johnny-Martin-Jr.-CEO---Media-for-Inventory---3932-Frederick-IMG_2641.HEIC,image,.heic,971287,,,Center for Social Impact / 3932 Frederick,Review-needed,Unknown,Center for Social Impact / Brick Campaign,Building inventory gallery,HEIC needs visual review/conversion before web use.,media-library/99-review-needed/center-social-impact-3932-heic/shared-Johnny-Martin-Jr.-CEO---Media-for-Inventory---3932-Frederick-IMG_2641.jpg
shared,"Cooperative Community Development Inc\Johnny Martin Jr., CEO - Media for Inventory - 3932 Frederick\IMG_2642.HEIC",website-media-filebase\99-review-needed\center-social-impact-3932-heic\shared-Johnny-Martin-Jr.-CEO---Media-for-Inventory---3932-Frederick-IMG_2642.HEIC,image,.heic,581773,,,Center for Social Impact / 3932 Frederick,Review-needed,Unknown,Center for Social Impact / Brick Campaign,Building inventory gallery,HEIC needs visual review/conversion before web use.,media-library/99-review-needed/center-social-impact-3932-heic/shared-Johnny-Martin-Jr.-CEO---Media-for-Inventory---3932-Frederick-IMG_2642.jpg
shared,"Cooperative Community Development Inc\Johnny Martin Jr., CEO - Media for Inventory - 3932 Frederick\IMG_2643.HEIC",website-media-filebase\99-review-needed\center-social-impact-3932-heic\shared-Johnny-Martin-Jr.-CEO---Media-for-Inventory---3932-Frederick-IMG_2643.HEIC,image,.heic,1324941,,,Center for Social Impact / 3932 Frederick,Review-needed,Unknown,Center for Social Impact / Brick Campaign,Building inventory gallery,HEIC needs visual review/conversion before web use.,media-library/99-review-needed/center-social-impact-3932-heic/shared-Johnny-Martin-Jr.-CEO---Media-for-Inventory---3932-Frederick-IMG_2643.jpg
shared,"Cooperative Community Development Inc\Johnny Martin Jr., CEO - Media for Inventory - 3932 Frederick\IMG_2644.HEIC",website-media-filebase\99-review-needed\center-social-impact-3932-heic\shared-Johnny-Martin-Jr.-CEO---Media-for-Inventory---3932-Frederick-IMG_2644.HEIC,image,.heic,889543,,,Center for Social Impact / 3932 Frederick,Review-needed,Unknown,Center for Social Impact / Brick Campaign,Building inventory gallery,HEIC needs visual review/conversion before web use.,media-library/99-review-needed/center-social-impact-3932-heic/shared-Johnny-Martin-Jr.-CEO---Media-for-Inventory---3932-Frederick-IMG_2644.jpg
shared,"Cooperative Community Development Inc\Johnny Martin Jr., CEO - Media for Inventory - 3932 Frederick\IMG_2645.HEIC",website-media-filebase\99-review-needed\center-social-impact-3932-heic\shared-Johnny-Martin-Jr.-CEO---Media-for-Inventory---3932-Frederick-IMG_2645.HEIC,image,.heic,1180071,,,Center for Social Impact / 3932 Frederick,Review-needed,Unknown,Center for Social Impact / Brick Campaign,Building inventory gallery,HEIC needs visual review/conversion before web use.,media-library/99-review-needed/center-social-impact-3932-heic/shared-Johnny-Martin-Jr.-CEO---Media-for-Inventory---3932-Frederick-IMG_2645.jpg
shared,"Cooperative Community Development Inc\Johnny Martin Jr., CEO - Media for Inventory - 3932 Frederick\IMG_2646.HEIC",website-media-filebase\99-review-needed\center-social-impact-3932-heic\shared-Johnny-Martin-Jr.-CEO---Media-for-Inventory---3932-Frederick-IMG_2646.HEIC,image,.heic,832422,,,Center for Social Impact / 3932 Frederick,Review-needed,Unknown,Center for Social Impact / Brick Campaign,Building inventory gallery,HEIC needs visual review/conversion before web use.,media-library/99-review-needed/center-social-impact-3932-heic/shared-Johnny-Martin-Jr.-CEO---Media-for-Inventory---3932-Frederick-IMG_2646.jpg
shared,"Cooperative Community Development Inc\Johnny Martin Jr., CEO - Media for Inventory - 3932 Frederick\IMG_2647.HEIC",website-media-filebase\99-review-needed\center-social-impact-3932-heic\shared-Johnny-Martin-Jr.-CEO---Media-for-Inventory---3932-Frederick-IMG_2647.HEIC,image,.heic,1191877,,,Center for Social Impact / 3932 Frederick,Review-needed,Unknown,Center for Social Impact / Brick Campaign,Building inventory gallery,HEIC needs visual review/conversion before web use.,media-library/99-review-needed/center-social-impact-3932-heic/shared-Johnny-Martin-Jr.-CEO---Media-for-Inventory---3932-Frederick-IMG_2647.jpg
shared,"Cooperative Community Development Inc\Johnny Martin Jr., CEO - Media for Inventory - 3932 Frederick\IMG_2648.HEIC",website-media-filebase\99-review-needed\center-social-impact-3932-heic\shared-Johnny-Martin-Jr.-CEO---Media-for-Inventory---3932-Frederick-IMG_2648.HEIC,image,.heic,1015959,,,Center for Social Impact / 3932 Frederick,Review-needed,Unknown,Center for Social Impact / Brick Campaign,Building inventory gallery,HEIC needs visual review/conversion before web use.,media-library/99-review-needed/center-social-impact-3932-heic/shared-Johnny-Martin-Jr.-CEO---Media-for-Inventory---3932-Frederick-IMG_2648.jpg
shared,"Cooperative Community Development Inc\Johnny Martin Jr., CEO - Media for Inventory - 3932 Frederick\Ladder_Sliding.HEIC",website-media-filebase\99-review-needed\center-social-impact-3932-heic\shared-Johnny-Martin-Jr.-CEO---Media-for-Inventory---3932-Frederick-Ladder_Sliding.HEIC,image,.heic,917399,,,Center for Social Impact / 3932 Frederick,Review-needed,Unknown,Center for Social Impact / Brick Campaign,Building inventory gallery,HEIC needs visual review/conversion before web use.,media-library/99-review-needed/center-social-impact-3932-heic/shared-Johnny-Martin-Jr.-CEO---Media-for-Inventory---3932-Frederick-Ladder_Sliding.jpg
shared,"Cooperative Community Development Inc\Johnny Martin Jr., CEO - Media for Inventory - 3932 Frederick\Laders.HEIC",website-media-filebase\99-review-needed\center-social-impact-3932-heic\shared-Johnny-Martin-Jr.-CEO---Media-for-Inventory---3932-Frederick-Laders.HEIC,image,.heic,974979,,,Center for Social Impact / 3932 Frederick,Review-needed,Unknown,Center for Social Impact / Brick Campaign,Building inventory gallery,HEIC needs visual review/conversion before web use.,media-library/99-review-needed/center-social-impact-3932-heic/shared-Johnny-Martin-Jr.-CEO---Media-for-Inventory---3932-Frederick-Laders.jpg
shared,"Cooperative Community Development Inc\Johnny Martin Jr., CEO - Media for Inventory - 3932 Frederick\Painting_Materials.HEIC",website-media-filebase\99-review-needed\center-social-impact-3932-heic\shared-Johnny-Martin-Jr.-CEO---Media-for-Inventory---3932-Frederick-Painting_Materials.HEIC,image,.heic,1530769,,,Center for Social Impact / 3932 Frederick,Review-needed,Unknown,Center for Social Impact / Brick Campaign,Building inventory gallery,HEIC needs visual review/conversion before web use.,media-library/99-review-needed/center-social-impact-3932-heic/shared-Johnny-Martin-Jr.-CEO---Media-for-Inventory---3932-Frederick-Painting_Materials.jpg
shared,"Cooperative Community Development Inc\Johnny Martin Jr., CEO - Media for Inventory - 3932 Frederick\To_Big.HEIC",website-media-filebase\99-review-needed\center-social-impact-3932-heic\shared-Johnny-Martin-Jr.-CEO---Media-for-Inventory---3932-Frederick-To_Big.HEIC,image,.heic,717332,,,Center for Social Impact / 3932 Frederick,Review-needed,Unknown,Center for Social Impact / Brick Campaign,Building inventory gallery,HEIC needs visual review/conversion before web use.,media-library/99-review-needed/center-social-impact-3932-heic/shared-Johnny-Martin-Jr.-CEO---Media-for-Inventory---3932-Frederick-To_Big.jpg
shared,"Cooperative Community Development Inc\Johnny Martin Jr., CEO - Media for Inventory - 3932 Frederick\To_Big1.HEIC",website-media-filebase\99-review-needed\center-social-impact-3932-heic\shared-Johnny-Martin-Jr.-CEO---Media-for-Inventory---3932-Frederick-To_Big1.HEIC,image,.heic,816018,,,Center for Social Impact / 3932 Frederick,Review-needed,Unknown,Center for Social Impact / Brick Campaign,Building inventory gallery,HEIC needs visual review/conversion before web use.,media-library/99-review-needed/center-social-impact-3932-heic/shared-Johnny-Martin-Jr.-CEO---Media-for-Inventory---3932-Frederick-To_Big1.jpg
shared,"Cooperative Community Development Inc\Johnny Martin Jr., CEO - Memorial Garden 2025\DJI_0295.JPG",website-media-filebase\01-home-hero-neighborhood-drone\shared-Johnny-Martin-Jr.-CEO---Memorial-Garden-2025-DJI_0295.JPG,image,.jpg,6951332,4032x3024,,Neighborhood / drone footage,Supporting,Good,Home / Projects,Aerial still,Use as real neighborhood stills for Stitch experiments.,media-library/01-home-hero-neighborhood-drone/shared-Johnny-Martin-Jr.-CEO---Memorial-Garden-2025-DJI_0295.jpg
shared,"Cooperative Community Development Inc\Johnny Martin Jr., CEO - Memorial Garden 2025\DJI_0296.JPG",website-media-filebase\01-home-hero-neighborhood-drone\shared-Johnny-Martin-Jr.-CEO---Memorial-Garden-2025-DJI_0296.JPG,image,.jpg,6739760,4032x3024,,Neighborhood / drone footage,Supporting,Good,Home / Projects,Aerial still,Use as real neighborhood stills for Stitch experiments.,media-library/01-home-hero-neighborhood-drone/shared-Johnny-Martin-Jr.-CEO---Memorial-Garden-2025-DJI_0296.jpg
shared,"Cooperative Community Development Inc\Johnny Martin Jr., CEO - Memorial Garden 2025\DJI_0297.JPG",website-media-filebase\01-home-hero-neighborhood-drone\shared-Johnny-Martin-Jr.-CEO---Memorial-Garden-2025-DJI_0297.JPG,image,.jpg,6285667,4032x3024,,Neighborhood / drone footage,Supporting,Good,Home / Projects,Aerial still,Use as real neighborhood stills for Stitch experiments.,media-library/01-home-hero-neighborhood-drone/shared-Johnny-Martin-Jr.-CEO---Memorial-Garden-2025-DJI_0297.jpg
shared,"Cooperative Community Development Inc\Johnny Martin Jr., CEO - Memorial Garden 2025\DJI_0298.JPG",website-media-filebase\01-home-hero-neighborhood-drone\shared-Johnny-Martin-Jr.-CEO---Memorial-Garden-2025-DJI_0298.JPG,image,.jpg,6195719,4032x3024,,Neighborhood / drone footage,Supporting,Good,Home / Projects,Aerial still,Use as real neighborhood stills for Stitch experiments.,media-library/01-home-hero-neighborhood-drone/shared-Johnny-Martin-Jr.-CEO---Memorial-Garden-2025-DJI_0298.jpg
shared,"Cooperative Community Development Inc\Johnny Martin Jr., CEO - Memorial Garden 2025\DJI_0299.JPG",website-media-filebase\01-home-hero-neighborhood-drone\shared-Johnny-Martin-Jr.-CEO---Memorial-Garden-2025-DJI_0299.JPG,image,.jpg,6695862,4032x3024,,Neighborhood / drone footage,Supporting,Good,Home / Projects,Aerial still,Use as real neighborhood stills for Stitch experiments.,media-library/01-home-hero-neighborhood-drone/shared-Johnny-Martin-Jr.-CEO---Memorial-Garden-2025-DJI_0299.jpg
shared,"Cooperative Community Development Inc\Johnny Martin Jr., CEO - Memorial Garden 2025\DJI_0300.JPG",website-media-filebase\01-home-hero-neighborhood-drone\shared-Johnny-Martin-Jr.-CEO---Memorial-Garden-2025-DJI_0300.JPG,image,.jpg,6724555,4032x3024,,Neighborhood / drone footage,Supporting,Good,Home / Projects,Aerial still,Use as real neighborhood stills for Stitch experiments.,media-library/01-home-hero-neighborhood-drone/shared-Johnny-Martin-Jr.-CEO---Memorial-Garden-2025-DJI_0300.jpg
shared,"Cooperative Community Development Inc\Johnny Martin Jr., CEO - Memorial Garden 2025\DJI_0301.JPG",website-media-filebase\01-home-hero-neighborhood-drone\shared-Johnny-Martin-Jr.-CEO---Memorial-Garden-2025-DJI_0301.JPG,image,.jpg,7050448,4032x3024,,Neighborhood / drone footage,Supporting,Good,Home / Projects,Aerial still,Use as real neighborhood stills for Stitch experiments.,media-library/01-home-hero-neighborhood-drone/shared-Johnny-Martin-Jr.-CEO---Memorial-Garden-2025-DJI_0301.jpg
shared,"Cooperative Community Development Inc\Johnny Martin Jr., CEO - Memorial Garden 2025\DJI_0302.JPG",website-media-filebase\01-home-hero-neighborhood-drone\shared-Johnny-Martin-Jr.-CEO---Memorial-Garden-2025-DJI_0302.JPG,image,.jpg,6699533,4032x3024,,Neighborhood / drone footage,Supporting,Good,Home / Projects,Aerial still,Use as real neighborhood stills for Stitch experiments.,media-library/01-home-hero-neighborhood-drone/shared-Johnny-Martin-Jr.-CEO---Memorial-Garden-2025-DJI_0302.jpg
shared,"Cooperative Community Development Inc\Johnny Martin Jr., CEO - Memorial Garden 2025\DJI_0303.JPG",website-media-filebase\01-home-hero-neighborhood-drone\shared-Johnny-Martin-Jr.-CEO---Memorial-Garden-2025-DJI_0303.JPG,image,.jpg,5816977,4032x3024,,Neighborhood / drone footage,Supporting,Good,Home / Projects,Aerial still,Use as real neighborhood stills for Stitch experiments.,media-library/01-home-hero-neighborhood-drone/shared-Johnny-Martin-Jr.-CEO---Memorial-Garden-2025-DJI_0303.jpg
shared,"Cooperative Community Development Inc\Johnny Martin Jr., CEO - Memorial Garden 2025\DJI_0304.MP4",,video,.mp4,279307393,3840x2160,24.0,Neighborhood / drone footage,Archive,Unknown,Home,Raw edit source,Large raw drone source; cataloged but not copied.,
shared,"Cooperative Community Development Inc\Johnny Martin Jr., CEO - Memorial Garden 2025\DJI_0305.MP4",,video,.mp4,180165501,3840x2160,15.4,Neighborhood / drone footage,Archive,Unknown,Home,Raw edit source,Large raw drone source; cataloged but not copied.,
shared,"Cooperative Community Development Inc\Robert Morina IV, OC - BGJWC\IMG_0945 2024-06-12 08_51_58.HEIC",,image,.heic,3134459,,,Events / community activity,Review-needed,Unknown,Events / News,Event gallery,HEIC needs visual review/conversion before web use.,
shared,"Cooperative Community Development Inc\Robert Morina IV, OC - BGJWC\IMG_0946 2024-06-12 08_51_58.HEIC",,image,.heic,2989711,,,Events / community activity,Review-needed,Unknown,Events / News,Event gallery,HEIC needs visual review/conversion before web use.,
shared,"Cooperative Community Development Inc\Robert Morina IV, OC - BGJWC\IMG_0947 2024-06-12 08_51_59.HEIC",,image,.heic,3399446,,,Events / community activity,Review-needed,Unknown,Events / News,Event gallery,HEIC needs visual review/conversion before web use.,
shared,"Cooperative Community Development Inc\Robert Morina IV, OC - BGJWC\IMG_0948 2024-06-12 08_51_59.HEIC",,image,.heic,3200189,,,Events / community activity,Review-needed,Unknown,Events / News,Event gallery,HEIC needs visual review/conversion before web use.,
shared,"Cooperative Community Development Inc\Robert Morina IV, OC - BGJWC\IMG_0949 2024-06-12 08_52_00.HEIC",,image,.heic,2840316,,,Events / community activity,Review-needed,Unknown,Events / News,Event gallery,HEIC needs visual review/conversion before web use.,
shared,"Cooperative Community Development Inc\Robert Morina IV, OC - BGJWC\IMG_0950 2024-06-12 08_52_01.HEIC",,image,.heic,4114887,,,Events / community activity,Review-needed,Unknown,Events / News,Event gallery,HEIC needs visual review/conversion before web use.,
shared,"Cooperative Community Development Inc\Robert Morina IV, OC - BGJWC\IMG_0951 2024-06-12 08_52_01.HEIC",,image,.heic,3482342,,,Events / community activity,Review-needed,Unknown,Events / News,Event gallery,HEIC needs visual review/conversion before web use.,
shared,"Cooperative Community Development Inc\Robert Morina IV, OC - BGJWC\IMG_0952 2024-06-12 08_52_02.HEIC",,image,.heic,2862155,,,Events / community activity,Review-needed,Unknown,Events / News,Event gallery,HEIC needs visual review/conversion before web use.,
shared,"Cooperative Community Development Inc\Robert Morina IV, OC - BGJWC\IMG_0953 2024-06-12 08_52_02.HEIC",,image,.heic,3129854,,,Events / community activity,Review-needed,Unknown,Events / News,Event gallery,HEIC needs visual review/conversion before web use.,
shared,"Cooperative Community Development Inc\Robert Morina IV, OC - BGJWC\IMG_0954 2024-06-12 08_52_03.HEIC",,image,.heic,3120042,,,Events / community activity,Review-needed,Unknown,Events / News,Event gallery,HEIC needs visual review/conversion before web use.,
shared,"Cooperative Community Development Inc\Robert Morina IV, OC - BGJWC\IMG_0955 2024-06-12 08_52_11.HEIC",,image,.heic,3057398,,,Events / community activity,Review-needed,Unknown,Events / News,Event gallery,HEIC needs visual review/conversion before web use.,
shared,"Cooperative Community Development Inc\Robert Morina IV, OC - BGJWC\IMG_0956 2024-06-12 08_52_11.HEIC",,image,.heic,3297946,,,Events / community activity,Review-needed,Unknown,Events / News,Event gallery,HEIC needs visual review/conversion before web use.,
shared,"Cooperative Community Development Inc\Robert Morina IV, OC - BGJWC\IMG_0957 2024-06-12 08_52_14.HEIC",,image,.heic,3106073,,,Events / community activity,Review-needed,Unknown,Events / News,Event gallery,HEIC needs visual review/conversion before web use.,
shared,"Cooperative Community Development Inc\Robert Morina IV, OC - BGJWC\IMG_0958 2024-06-12 08_52_15.HEIC",,image,.heic,3141132,,,Events / community activity,Review-needed,Unknown,Events / News,Event gallery,HEIC needs visual review/conversion before web use.,
shared,"Cooperative Community Development Inc\Robert Morina IV, OC - BGJWC\IMG_0959 2024-06-12 08_52_15.HEIC",,image,.heic,3241348,,,Events / community activity,Review-needed,Unknown,Events / News,Event gallery,HEIC needs visual review/conversion before web use.,
shared,"Cooperative Community Development Inc\Robert Morina IV, OC - BGJWC\IMG_0960 2024-06-12 08_52_16.HEIC",,image,.heic,2946623,,,Events / community activity,Review-needed,Unknown,Events / News,Event gallery,HEIC needs visual review/conversion before web use.,
shared,"Cooperative Community Development Inc\Robert Morina IV, OC - BGJWC\IMG_0961 2024-06-12 08_52_16.HEIC",,image,.heic,3175840,,,Events / community activity,Review-needed,Unknown,Events / News,Event gallery,HEIC needs visual review/conversion before web use.,
shared,"Cooperative Community Development Inc\Robert Morina IV, OC - BGJWC\IMG_0962 2024-06-12 08_52_24.HEIC",,image,.heic,2932831,,,Events / community activity,Review-needed,Unknown,Events / News,Event gallery,HEIC needs visual review/conversion before web use.,
shared,"Cooperative Community Development Inc\Robert Morina IV, OC - BGJWC\IMG_0963 2024-06-12 08_52_25.HEIC",,image,.heic,2941166,,,Events / community activity,Review-needed,Unknown,Events / News,Event gallery,HEIC needs visual review/conversion before web use.,
shared,"Cooperative Community Development Inc\Robert Morina IV, OC - BGJWC\IMG_0964 2024-06-12 08_52_25.HEIC",,image,.heic,3206947,,,Events / community activity,Review-needed,Unknown,Events / News,Event gallery,HEIC needs visual review/conversion before web use.,
shared,"Cooperative Community Development Inc\Robert Morina IV, OC - BGJWC\IMG_0965 2024-06-12 08_52_25.HEIC",,image,.heic,3485316,,,Events / community activity,Review-needed,Unknown,Events / News,Event gallery,HEIC needs visual review/conversion before web use.,
shared,"Cooperative Community Development Inc\Robert Morina IV, OC - BGJWC\IMG_0966 2024-06-12 08_52_26.HEIC",,image,.heic,5202122,,,Events / community activity,Review-needed,Unknown,Events / News,Event gallery,HEIC needs visual review/conversion before web use.,
shared,"Cooperative Community Development Inc\Robert Morina IV, OC - BGJWC\IMG_0970 2024-06-12 08_52_26.HEIC",,image,.heic,3234039,,,Events / community activity,Review-needed,Unknown,Events / News,Event gallery,HEIC needs visual review/conversion before web use.,
shared,"Cooperative Community Development Inc\Robert Morina IV, OC - BGJWC\IMG_0971 2024-06-12 08_52_27.HEIC",,image,.heic,4398708,,,Events / community activity,Review-needed,Unknown,Events / News,Event gallery,HEIC needs visual review/conversion before web use.,
shared,"Cooperative Community Development Inc\Robert Morina IV, OC - BGJWC\IMG_0972 2024-06-12 08_52_27.HEIC",,image,.heic,3877758,,,Events / community activity,Review-needed,Unknown,Events / News,Event gallery,HEIC needs visual review/conversion before web use.,
shared,"Cooperative Community Development Inc\Robert Morina IV, OC - BGJWC\IMG_0973 2024-06-12 08_52_27.HEIC",,image,.heic,3749074,,,Events / community activity,Review-needed,Unknown,Events / News,Event gallery,HEIC needs visual review/conversion before web use.,
shared,"Cooperative Community Development Inc\Robert Morina IV, OC - BGJWC\IMG_0974 2024-06-12 08_52_28.HEIC",,image,.heic,3937506,,,Events / community activity,Review-needed,Unknown,Events / News,Event gallery,HEIC needs visual review/conversion before web use.,
shared,"Cooperative Community Development Inc\Robert Morina IV, OC - BGJWC\IMG_0975 2024-06-12 08_52_29.HEIC",,image,.heic,3738511,,,Events / community activity,Review-needed,Unknown,Events / News,Event gallery,HEIC needs visual review/conversion before web use.,
shared,"Cooperative Community Development Inc\Robert Morina IV, OC - BGJWC\IMG_0976 2024-06-12 08_53_54.MOV",website-media-filebase\06-coop-market-events\shared-Robert-Morina-IV-OC---BGJWC-IMG_0976-2024-06-12-08_53_54.MOV,video,.mov,74833874,3840x2160,25.4,Events / community activity,Supporting,Good,Events / News,Event gallery,Use after caption/context review.,media-library/06-coop-market-events/shared-Robert-Morina-IV-OC---BGJWC-IMG_0976-2024-06-12-08_53_54.mp4
shared,"Cooperative Community Development Inc\Robert Morina IV, OC - BGJWC\IMG_0977 2024-06-12 08_53_55.MOV",,video,.mov,125436579,3840x2160,43.6,Events / community activity,Archive,Unknown,Events / News,Long event source,Large clip; cataloged for later review.,
shared,"Cooperative Community Development Inc\Robert Morina IV, OC - BGJWC\IMG_0978 2024-06-12 08_54_02.MOV",website-media-filebase\06-coop-market-events\shared-Robert-Morina-IV-OC---BGJWC-IMG_0978-2024-06-12-08_54_02.MOV,video,.mov,30829679,3840x2160,10.5,Events / community activity,Supporting,Good,Events / News,Event gallery,Use after caption/context review.,media-library/06-coop-market-events/shared-Robert-Morina-IV-OC---BGJWC-IMG_0978-2024-06-12-08_54_02.mp4
shared,"Cooperative Community Development Inc\Robert Morina IV, OC - BGJWC\IMG_0979 2024-06-12 08_54_03.MOV",website-media-filebase\06-coop-market-events\shared-Robert-Morina-IV-OC---BGJWC-IMG_0979-2024-06-12-08_54_03.MOV,video,.mov,72116940,3840x2160,24.9,Events / community activity,Supporting,Good,Events / News,Event gallery,Use after caption/context review.,media-library/06-coop-market-events/shared-Robert-Morina-IV-OC---BGJWC-IMG_0979-2024-06-12-08_54_03.mp4
shared,"Cooperative Community Development Inc\Robert Morina IV, OC - BGJWC\IMG_0980 2024-06-12 08_54_03.MOV",website-media-filebase\06-coop-market-events\shared-Robert-Morina-IV-OC---BGJWC-IMG_0980-2024-06-12-08_54_03.MOV,video,.mov,31996037,3840x2160,10.8,Events / community activity,Supporting,Good,Events / News,Event gallery,Use after caption/context review.,media-library/06-coop-market-events/shared-Robert-Morina-IV-OC---BGJWC-IMG_0980-2024-06-12-08_54_03.mp4
shared,"Cooperative Community Development Inc\Robert Morina IV, OC - BGJWC\IMG_0983 2024-06-12 08_52_29.HEIC",,image,.heic,4147271,,,Events / community activity,Review-needed,Unknown,Events / News,Event gallery,HEIC needs visual review/conversion before web use.,
shared,"Cooperative Community Development Inc\Robert Morina IV, OC - BGJWC\IMG_0984 2024-06-12 08_52_29.HEIC",,image,.heic,4317416,,,Events / community activity,Review-needed,Unknown,Events / News,Event gallery,HEIC needs visual review/conversion before web use.,
shared,"Cooperative Community Development Inc\Robert Morina IV, OC - BGJWC\IMG_0985 2024-06-12 08_52_37.HEIC",,image,.heic,3966551,,,Events / community activity,Review-needed,Unknown,Events / News,Event gallery,HEIC needs visual review/conversion before web use.,
shared,"Cooperative Community Development Inc\Robert Morina IV, OC - BGJWC\IMG_0986 2024-06-12 08_52_37.HEIC",,image,.heic,4250761,,,Events / community activity,Review-needed,Unknown,Events / News,Event gallery,HEIC needs visual review/conversion before web use.,
shared,"Cooperative Community Development Inc\Robert Morina IV, OC - BGJWC\IMG_0988 2024-06-12 08_52_38.HEIC",,image,.heic,4316314,,,Events / community activity,Review-needed,Unknown,Events / News,Event gallery,HEIC needs visual review/conversion before web use.,
shared,"Cooperative Community Development Inc\Robert Morina IV, OC - BGJWC\IMG_0989 2024-06-12 08_52_38.HEIC",,image,.heic,4338883,,,Events / community activity,Review-needed,Unknown,Events / News,Event gallery,HEIC needs visual review/conversion before web use.,
shared,"Cooperative Community Development Inc\Robert Morina IV, OC - BGJWC\IMG_0990 2024-06-12 08_52_39.HEIC",,image,.heic,4580165,,,Events / community activity,Review-needed,Unknown,Events / News,Event gallery,HEIC needs visual review/conversion before web use.,
shared,"Cooperative Community Development Inc\Robert Morina IV, OC - BGJWC\IMG_0993 2024-06-12 08_52_39.HEIC",,image,.heic,3113276,,,Events / community activity,Review-needed,Unknown,Events / News,Event gallery,HEIC needs visual review/conversion before web use.,
shared,"Cooperative Community Development Inc\Robert Morina IV, OC - BGJWC\IMG_0994 2024-06-12 08_52_39.HEIC",,image,.heic,3210152,,,Events / community activity,Review-needed,Unknown,Events / News,Event gallery,HEIC needs visual review/conversion before web use.,
shared,"Cooperative Community Development Inc\Robert Morina IV, OC - BGJWC\IMG_0995 2024-06-12 08_54_06.MOV",,video,.mov,123741501,3840x2160,42.4,Events / community activity,Archive,Unknown,Events / News,Long event source,Large clip; cataloged for later review.,
shared,"Cooperative Community Development Inc\Robert Morina IV, OC - BGJWC\IMG_0996 2024-06-12 08_52_40.HEIC",,image,.heic,3184930,,,Events / community activity,Review-needed,Unknown,Events / News,Event gallery,HEIC needs visual review/conversion before web use.,
shared,"Cooperative Community Development Inc\Robert Morina IV, OC - BGJWC\IMG_0997 2024-06-12 08_52_40.HEIC",,image,.heic,3260387,,,Events / community activity,Review-needed,Unknown,Events / News,Event gallery,HEIC needs visual review/conversion before web use.,
shared,"Cooperative Community Development Inc\Robert Morina IV, OC - BGJWC\IMG_0998 2024-06-12 08_52_41.HEIC",,image,.heic,3569015,,,Events / community activity,Review-needed,Unknown,Events / News,Event gallery,HEIC needs visual review/conversion before web use.,
shared,"Cooperative Community Development Inc\Robert Morina IV, OC - BGJWC\IMG_1001 2024-06-12 08_52_41.HEIC",,image,.heic,3553036,,,Events / community activity,Review-needed,Unknown,Events / News,Event gallery,HEIC needs visual review/conversion before web use.,
shared,"Cooperative Community Development Inc\Robert Morina IV, OC - BGJWC\IMG_1002 2024-06-12 08_52_42.HEIC",,image,.heic,3892457,,,Events / community activity,Review-needed,Unknown,Events / News,Event gallery,HEIC needs visual review/conversion before web use.,
shared,"Cooperative Community Development Inc\Robert Morina IV, OC - BGJWC\IMG_1004 2024-06-12 08_52_49.HEIC",,image,.heic,3872779,,,Events / community activity,Review-needed,Unknown,Events / News,Event gallery,HEIC needs visual review/conversion before web use.,
shared,"Cooperative Community Development Inc\Robert Morina IV, OC - BGJWC\IMG_1005 2024-06-12 08_52_49.HEIC",,image,.heic,3914844,,,Events / community activity,Review-needed,Unknown,Events / News,Event gallery,HEIC needs visual review/conversion before web use.,
shared,"Cooperative Community Development Inc\Robert Morina IV, OC - BGJWC\IMG_1006 2024-06-12 08_52_50.HEIC",,image,.heic,3780570,,,Events / community activity,Review-needed,Unknown,Events / News,Event gallery,HEIC needs visual review/conversion before web use.,
shared,"Cooperative Community Development Inc\Robert Morina IV, OC - BGJWC\IMG_1007 2024-06-12 08_52_50.HEIC",,image,.heic,3763874,,,Events / community activity,Review-needed,Unknown,Events / News,Event gallery,HEIC needs visual review/conversion before web use.,
shared,"Cooperative Community Development Inc\Robert Morina IV, OC - BGJWC\IMG_1008 2024-06-12 08_52_51.HEIC",,image,.heic,3964709,,,Events / community activity,Review-needed,Unknown,Events / News,Event gallery,HEIC needs visual review/conversion before web use.,
shared,"Cooperative Community Development Inc\Robert Morina IV, OC - BGJWC\IMG_1009 2024-06-12 08_52_51.HEIC",,image,.heic,3902249,,,Events / community activity,Review-needed,Unknown,Events / News,Event gallery,HEIC needs visual review/conversion before web use.,
shared,"Cooperative Community Development Inc\Robert Morina IV, OC - BGJWC\IMG_1010 2024-06-12 08_52_52.HEIC",,image,.heic,3968440,,,Events / community activity,Review-needed,Unknown,Events / News,Event gallery,HEIC needs visual review/conversion before web use.,
shared,"Cooperative Community Development Inc\Robert Morina IV, OC - BGJWC\IMG_1011 2024-06-12 08_52_52.HEIC",,image,.heic,4630691,,,Events / community activity,Review-needed,Unknown,Events / News,Event gallery,HEIC needs visual review/conversion before web use.,
shared,"Cooperative Community Development Inc\Robert Morina IV, OC - BGJWC\IMG_1012 2024-06-12 08_52_52.HEIC",,image,.heic,4370448,,,Events / community activity,Review-needed,Unknown,Events / News,Event gallery,HEIC needs visual review/conversion before web use.,
shared,"Cooperative Community Development Inc\Robert Morina IV, OC - BGJWC\IMG_1013 2024-06-12 08_52_53.HEIC",,image,.heic,4360277,,,Events / community activity,Review-needed,Unknown,Events / News,Event gallery,HEIC needs visual review/conversion before web use.,
shared,"Cooperative Community Development Inc\Robert Morina IV, OC - BGJWC\IMG_1014 2024-06-12 08_52_53.HEIC",,image,.heic,4568678,,,Events / community activity,Review-needed,Unknown,Events / News,Event gallery,HEIC needs visual review/conversion before web use.,
shared,"Cooperative Community Development Inc\Robert Morina IV, OC - BGJWC\IMG_1016 2024-06-12 08_53_01.HEIC",,image,.heic,4361367,,,Events / community activity,Review-needed,Unknown,Events / News,Event gallery,HEIC needs visual review/conversion before web use.,
shared,"Cooperative Community Development Inc\Robert Morina IV, OC - BGJWC\IMG_1018 2024-06-12 08_53_01.HEIC",,image,.heic,3590517,,,Events / community activity,Review-needed,Unknown,Events / News,Event gallery,HEIC needs visual review/conversion before web use.,
shared,"Cooperative Community Development Inc\Robert Morina IV, OC - BGJWC\IMG_1019 2024-06-12 08_53_02.HEIC",,image,.heic,3987387,,,Events / community activity,Review-needed,Unknown,Events / News,Event gallery,HEIC needs visual review/conversion before web use.,
shared,"Cooperative Community Development Inc\Robert Morina IV, OC - BGJWC\IMG_1020 2024-06-12 08_53_02.HEIC",,image,.heic,4369286,,,Events / community activity,Review-needed,Unknown,Events / News,Event gallery,HEIC needs visual review/conversion before web use.,
shared,"Cooperative Community Development Inc\Robert Morina IV, OC - BGJWC\IMG_1021 2024-06-12 08_53_03.HEIC",,image,.heic,4357530,,,Events / community activity,Review-needed,Unknown,Events / News,Event gallery,HEIC needs visual review/conversion before web use.,
shared,"Cooperative Community Development Inc\Robert Morina IV, OC - BGJWC\IMG_1022 2024-06-12 08_53_03.HEIC",,image,.heic,4179043,,,Events / community activity,Review-needed,Unknown,Events / News,Event gallery,HEIC needs visual review/conversion before web use.,
shared,"Cooperative Community Development Inc\Robert Morina IV, OC - BGJWC\IMG_1024 2024-06-12 08_53_03.HEIC",,image,.heic,3722188,,,Events / community activity,Review-needed,Unknown,Events / News,Event gallery,HEIC needs visual review/conversion before web use.,
shared,"Cooperative Community Development Inc\Robert Morina IV, OC - BGJWC\IMG_1025 2024-06-12 08_55_30.MOV",website-media-filebase\06-coop-market-events\shared-Robert-Morina-IV-OC---BGJWC-IMG_1025-2024-06-12-08_55_30.MOV,video,.mov,43742409,3840x2160,9.6,Events / community activity,Supporting,Good,Events / News,Event gallery,Use after caption/context review.,media-library/06-coop-market-events/shared-Robert-Morina-IV-OC---BGJWC-IMG_1025-2024-06-12-08_55_30.mp4
shared,"Cooperative Community Development Inc\Robert Morina IV, OC - BGJWC\IMG_1027 2024-06-12 08_53_04.HEIC",,image,.heic,4235897,,,Events / community activity,Review-needed,Unknown,Events / News,Event gallery,HEIC needs visual review/conversion before web use.,
shared,"Cooperative Community Development Inc\Robert Morina IV, OC - BGJWC\IMG_1028 2024-06-12 08_53_04.HEIC",,image,.heic,3984092,,,Events / community activity,Review-needed,Unknown,Events / News,Event gallery,HEIC needs visual review/conversion before web use.,
shared,"Cooperative Community Development Inc\Robert Morina IV, OC - BGJWC\IMG_1029 2024-06-12 08_53_05.HEIC",,image,.heic,3508248,,,Events / community activity,Review-needed,Unknown,Events / News,Event gallery,HEIC needs visual review/conversion before web use.,
shared,"Cooperative Community Development Inc\Robert Morina IV, OC - BGJWC\IMG_1030 2024-06-12 08_53_13.HEIC",,image,.heic,3359259,,,Events / community activity,Review-needed,Unknown,Events / News,Event gallery,HEIC needs visual review/conversion before web use.,
shared,"Cooperative Community Development Inc\Robert Morina IV, OC - BGJWC\IMG_1031 2024-06-12 08_53_15.HEIC",,image,.heic,3672317,,,Events / community activity,Review-needed,Unknown,Events / News,Event gallery,HEIC needs visual review/conversion before web use.,
shared,"Cooperative Community Development Inc\Robert Morina IV, OC - BGJWC\IMG_1032 2024-06-12 08_53_16.HEIC",,image,.heic,3717050,,,Events / community activity,Review-needed,Unknown,Events / News,Event gallery,HEIC needs visual review/conversion before web use.,
shared,"Cooperative Community Development Inc\Robert Morina IV, OC - BGJWC\IMG_1033 2024-06-12 08_53_17.HEIC",,image,.heic,3552714,,,Events / community activity,Review-needed,Unknown,Events / News,Event gallery,HEIC needs visual review/conversion before web use.,
shared,"Cooperative Community Development Inc\Robert Morina IV, OC - BGJWC\IMG_1034 2024-06-12 08_53_25.HEIC",,image,.heic,3777875,,,Events / community activity,Review-needed,Unknown,Events / News,Event gallery,HEIC needs visual review/conversion before web use.,
shared,"Cooperative Community Development Inc\Robert Morina IV, OC - BGJWC\IMG_1035 2024-06-12 08_56_09.MOV",website-media-filebase\06-coop-market-events\shared-Robert-Morina-IV-OC---BGJWC-IMG_1035-2024-06-12-08_56_09.MOV,video,.mov,54056578,3840x2160,18.3,Events / community activity,Supporting,Good,Events / News,Event gallery,Use after caption/context review.,media-library/06-coop-market-events/shared-Robert-Morina-IV-OC---BGJWC-IMG_1035-2024-06-12-08_56_09.mp4
shared,"Cooperative Community Development Inc\Robert Morina IV, OC - BGJWC\IMG_1036 2024-06-12 08_53_25.HEIC",,image,.heic,4095248,,,Events / community activity,Review-needed,Unknown,Events / News,Event gallery,HEIC needs visual review/conversion before web use.,
shared,"Cooperative Community Development Inc\Robert Morina IV, OC - BGJWC\IMG_1037 2024-06-12 08_53_26.HEIC",,image,.heic,4033370,,,Events / community activity,Review-needed,Unknown,Events / News,Event gallery,HEIC needs visual review/conversion before web use.,
shared,"Cooperative Community Development Inc\Robert Morina IV, OC - BGJWC\IMG_1038 2024-06-12 08_53_26.HEIC",,image,.heic,3734623,,,Events / community activity,Review-needed,Unknown,Events / News,Event gallery,HEIC needs visual review/conversion before web use.,
shared,"Cooperative Community Development Inc\Robert Morina IV, OC - BGJWC\IMG_1039 2024-06-12 08_53_27.HEIC",,image,.heic,4096834,,,Events / community activity,Review-needed,Unknown,Events / News,Event gallery,HEIC needs visual review/conversion before web use.,
shared,"Cooperative Community Development Inc\Robert Morina IV, OC - BGJWC\IMG_1040 2024-06-12 08_53_27.HEIC",,image,.heic,3483094,,,Events / community activity,Review-needed,Unknown,Events / News,Event gallery,HEIC needs visual review/conversion before web use.,
shared,"Cooperative Community Development Inc\Robert Morina IV, OC - BGJWC\IMG_1041 2024-06-12 08_53_27.HEIC",,image,.heic,3678935,,,Events / community activity,Review-needed,Unknown,Events / News,Event gallery,HEIC needs visual review/conversion before web use.,
shared,"Cooperative Community Development Inc\Robert Morina IV, OC - BGJWC\IMG_1042 2024-06-12 08_53_28.HEIC",,image,.heic,4347910,,,Events / community activity,Review-needed,Unknown,Events / News,Event gallery,HEIC needs visual review/conversion before web use.,
shared,"Cooperative Community Development Inc\Robert Morina IV, OC - BGJWC\IMG_1043 2024-06-12 08_53_28.HEIC",,image,.heic,3829123,,,Events / community activity,Review-needed,Unknown,Events / News,Event gallery,HEIC needs visual review/conversion before web use.,
shared,"Cooperative Community Development Inc\Robert Morina IV, OC - BGJWC\IMG_1044 2024-06-12 08_53_29.HEIC",,image,.heic,4446067,,,Events / community activity,Review-needed,Unknown,Events / News,Event gallery,HEIC needs visual review/conversion before web use.,
shared,"Cooperative Community Development Inc\Robert Morina IV, OC - BGJWC\IMG_1045 2024-06-12 08_53_29.HEIC",,image,.heic,4464922,,,Events / community activity,Review-needed,Unknown,Events / News,Event gallery,HEIC needs visual review/conversion before web use.,
shared,"Cooperative Community Development Inc\Robert Morina IV, OC - BGJWC\IMG_1047 2024-06-12 08_53_37.HEIC",,image,.heic,4136305,,,Events / community activity,Review-needed,Unknown,Events / News,Event gallery,HEIC needs visual review/conversion before web use.,
shared,"Cooperative Community Development Inc\Robert Morina IV, OC - BGJWC\IMG_1048 2024-06-12 08_53_37.HEIC",,image,.heic,2891193,,,Events / community activity,Review-needed,Unknown,Events / News,Event gallery,HEIC needs visual review/conversion before web use.,
shared,"Cooperative Community Development Inc\Robert Morina IV, OC - BGJWC\IMG_1049 2024-06-12 08_53_39.HEIC",,image,.heic,3783123,,,Events / community activity,Review-needed,Unknown,Events / News,Event gallery,HEIC needs visual review/conversion before web use.,
shared,"Cooperative Community Development Inc\Robert Morina IV, OC - BGJWC\IMG_1050 2024-06-12 08_53_39.HEIC",,image,.heic,3789920,,,Events / community activity,Review-needed,Unknown,Events / News,Event gallery,HEIC needs visual review/conversion before web use.,
shared,"Cooperative Community Development Inc\Robert Morina IV, OC - BGJWC\IMG_1051 2024-06-12 08_57_33.MOV",website-media-filebase\06-coop-market-events\shared-Robert-Morina-IV-OC---BGJWC-IMG_1051-2024-06-12-08_57_33.MOV,video,.mov,42668452,3840x2160,12.6,Events / community activity,Supporting,Good,Events / News,Event gallery,Use after caption/context review.,media-library/06-coop-market-events/shared-Robert-Morina-IV-OC---BGJWC-IMG_1051-2024-06-12-08_57_33.mp4
shared,"Cooperative Community Development Inc\Robert Morina IV, OC - BGJWC\IMG_1052 2024-06-12 08_57_47.MOV",website-media-filebase\06-coop-market-events\shared-Robert-Morina-IV-OC---BGJWC-IMG_1052-2024-06-12-08_57_47.MOV,video,.mov,5794254,3840x2160,1.7,Events / community activity,Supporting,Good,Events / News,Event gallery,Use after caption/context review.,media-library/06-coop-market-events/shared-Robert-Morina-IV-OC---BGJWC-IMG_1052-2024-06-12-08_57_47.mp4
shared,"Cooperative Community Development Inc\Robert Morina IV, OC - BGJWC\IMG_1053 2024-06-12 08_53_40.HEIC",,image,.heic,4248687,,,Events / community activity,Review-needed,Unknown,Events / News,Event gallery,HEIC needs visual review/conversion before web use.,
shared,"Cooperative Community Development Inc\Robert Morina IV, OC - BGJWC\IMG_1054 2024-06-12 08_53_41.HEIC",,image,.heic,3886925,,,Events / community activity,Review-needed,Unknown,Events / News,Event gallery,HEIC needs visual review/conversion before web use.,
shared,"Cooperative Community Development Inc\Robert Morina IV, OC - BGJWC\IMG_1055 2024-06-12 08_53_41.HEIC",,image,.heic,4164229,,,Events / community activity,Review-needed,Unknown,Events / News,Event gallery,HEIC needs visual review/conversion before web use.,
shared,"Cooperative Community Development Inc\Robert Morina IV, OC - BGJWC\IMG_1056 2024-06-12 08_53_42.HEIC",,image,.heic,4002386,,,Events / community activity,Review-needed,Unknown,Events / News,Event gallery,HEIC needs visual review/conversion before web use.,
shared,"Cooperative Community Development Inc\Robert Morina IV, OC - BGJWC\IMG_1057 2024-06-12 08_53_42.HEIC",,image,.heic,3667042,,,Events / community activity,Review-needed,Unknown,Events / News,Event gallery,HEIC needs visual review/conversion before web use.,
shared,"Cooperative Community Development Inc\Robert Morina IV, OC - BGJWC\IMG_1058 2024-06-12 08_53_50.HEIC",,image,.heic,3756767,,,Events / community activity,Review-needed,Unknown,Events / News,Event gallery,HEIC needs visual review/conversion before web use.,
shared,"Cooperative Community Development Inc\Robert Morina IV, OC - BGJWC\IMG_1059 2024-06-12 08_53_50.HEIC",,image,.heic,4000338,,,Events / community activity,Review-needed,Unknown,Events / News,Event gallery,HEIC needs visual review/conversion before web use.,
shared,"Cooperative Community Development Inc\Robert Morina IV, OC - BGJWC\IMG_1060 2024-06-12 08_53_51.HEIC",,image,.heic,3896277,,,Events / community activity,Review-needed,Unknown,Events / News,Event gallery,HEIC needs visual review/conversion before web use.,
shared,"Cooperative Community Development Inc\Robert Morina IV, OC - BGJWC\IMG_1061 2024-06-12 08_53_51.HEIC",,image,.heic,4145397,,,Events / community activity,Review-needed,Unknown,Events / News,Event gallery,HEIC needs visual review/conversion before web use.,
shared,"Cooperative Community Development Inc\Robert Morina IV, OC - BGJWC\IMG_1062 2024-06-12 08_53_52.HEIC",,image,.heic,4071157,,,Events / community activity,Review-needed,Unknown,Events / News,Event gallery,HEIC needs visual review/conversion before web use.,
shared,"Cooperative Community Development Inc\Robert Morina IV, OC - BGJWC\IMG_1063 2024-06-12 08_53_52.HEIC",,image,.heic,3799995,,,Events / community activity,Review-needed,Unknown,Events / News,Event gallery,HEIC needs visual review/conversion before web use.,
shared,"Cooperative Community Development Inc\Robert Morina IV, OC - BGJWC\IMG_1064 2024-06-12 08_53_53.HEIC",,image,.heic,4158433,,,Events / community activity,Review-needed,Unknown,Events / News,Event gallery,HEIC needs visual review/conversion before web use.,
shared,"Cooperative Community Development Inc\Robert Morina IV, OC - BGJWC\IMG_1065 2024-06-12 08_53_53.HEIC",,image,.heic,3987027,,,Events / community activity,Review-needed,Unknown,Events / News,Event gallery,HEIC needs visual review/conversion before web use.,
shared,"Cooperative Community Development Inc\Robert Morina IV, OC - BGJWC\IMG_1078 2024-06-12 08_58_43.MOV",website-media-filebase\06-coop-market-events\shared-Robert-Morina-IV-OC---BGJWC-IMG_1078-2024-06-12-08_58_43.MOV,video,.mov,23249256,3840x2160,4.8,Events / community activity,Supporting,Good,Events / News,Event gallery,Use after caption/context review.,media-library/06-coop-market-events/shared-Robert-Morina-IV-OC---BGJWC-IMG_1078-2024-06-12-08_58_43.mp4
shared,"Cooperative Community Development Inc\Robert Morina IV, OC - BGJWC\IMG_1080 2024-06-12 08_59_09.MOV",website-media-filebase\06-coop-market-events\shared-Robert-Morina-IV-OC---BGJWC-IMG_1080-2024-06-12-08_59_09.MOV,video,.mov,14388400,3840x2160,4.2,Events / community activity,Supporting,Good,Events / News,Event gallery,Use after caption/context review.,media-library/06-coop-market-events/shared-Robert-Morina-IV-OC---BGJWC-IMG_1080-2024-06-12-08_59_09.mp4
shared,"Cooperative Community Development Inc\Robert Morina IV, OC - BGJWC\IMG_1084 2024-07-23 01_45_30.MOV",website-media-filebase\06-coop-market-events\shared-Robert-Morina-IV-OC---BGJWC-IMG_1084-2024-07-23-01_45_30.MOV,video,.mov,23916169,3840x2160,7.9,Events / community activity,Supporting,Good,Events / News,Event gallery,Use after caption/context review.,media-library/06-coop-market-events/shared-Robert-Morina-IV-OC---BGJWC-IMG_1084-2024-07-23-01_45_30.mp4
shared,"Cooperative Community Development Inc\Robert Morina IV, OC - Cooperative Way\20241108_205927463_iOS.heic",,image,.heic,2423720,,,Events / community activity,Review-needed,Unknown,Events / News,Event gallery,HEIC needs visual review/conversion before web use.,
shared,"Cooperative Community Development Inc\Robert Morina IV, OC - Cooperative Way\20241108_205929902_iOS.heic",,image,.heic,2488954,,,Events / community activity,Review-needed,Unknown,Events / News,Event gallery,HEIC needs visual review/conversion before web use.,
shared,"Cooperative Community Development Inc\Robert Morina IV, OC - Cooperative Way\20241108_205933652_iOS.heic",,image,.heic,2118679,,,Events / community activity,Review-needed,Unknown,Events / News,Event gallery,HEIC needs visual review/conversion before web use.,
shared,"Cooperative Community Development Inc\Robert Morina IV, OC - Cooperative Way\20241108_211234517_iOS.heic",,image,.heic,2636340,,,Events / community activity,Review-needed,Unknown,Events / News,Event gallery,HEIC needs visual review/conversion before web use.,
shared,"Cooperative Community Development Inc\Robert Morina IV, OC - Cooperative Way\20241108_211237962_iOS.heic",,image,.heic,2546958,,,Events / community activity,Review-needed,Unknown,Events / News,Event gallery,HEIC needs visual review/conversion before web use.,
shared,"Cooperative Community Development Inc\Robert Morina IV, OC - Cooperative Way\20241108_214113894_iOS.heic",,image,.heic,1993777,,,Events / community activity,Review-needed,Unknown,Events / News,Event gallery,HEIC needs visual review/conversion before web use.,
shared,"Cooperative Community Development Inc\Robert Morina IV, OC - Cooperative Way\20241108_214116544_iOS.heic",,image,.heic,3163919,,,Events / community activity,Review-needed,Unknown,Events / News,Event gallery,HEIC needs visual review/conversion before web use.,
shared,"Cooperative Community Development Inc\Robert Morina IV, OC - Cooperative Way\20241109_142043874_iOS.heic",,image,.heic,1877808,,,Events / community activity,Review-needed,Unknown,Events / News,Event gallery,HEIC needs visual review/conversion before web use.,
shared,"Cooperative Community Development Inc\Robert Morina IV, OC - Cooperative Way\20241110_202547108_iOS.heic",,image,.heic,1928025,,,Events / community activity,Review-needed,Unknown,Events / News,Event gallery,HEIC needs visual review/conversion before web use.,
shared,"Cooperative Community Development Inc\Robert Morina IV, OC - Cooperative Way\20241110_202557240_iOS.heic",,image,.heic,1766340,,,Events / community activity,Review-needed,Unknown,Events / News,Event gallery,HEIC needs visual review/conversion before web use.,
shared,"Cooperative Community Development Inc\Robert Morina IV, OC - Cooperative Way\20241110_203720000_iOS.MOV",website-media-filebase\06-coop-market-events\shared-Robert-Morina-IV-OC---Cooperative-Way-20241110_203720000_iOS.MOV,video,.mov,17470253,1080x1920,10.1,Events / community activity,Supporting,Good,Events / News,Event gallery,Use after caption/context review.,media-library/06-coop-market-events/shared-Robert-Morina-IV-OC---Cooperative-Way-20241110_203720000_iOS.mp4
shared,"Cooperative Community Development Inc\Robert Morina IV, OC - Cooperative Way\20241110_203735000_iOS.MOV",website-media-filebase\06-coop-market-events\shared-Robert-Morina-IV-OC---Cooperative-Way-20241110_203735000_iOS.MOV,video,.mov,13256216,1080x1920,7.8,Events / community activity,Supporting,Good,Events / News,Event gallery,Use after caption/context review.,media-library/06-coop-market-events/shared-Robert-Morina-IV-OC---Cooperative-Way-20241110_203735000_iOS.mp4
shared,"Cooperative Community Development Inc\Robert Morina IV, OC - Cooperative Way\20241110_203749000_iOS.MOV",website-media-filebase\06-coop-market-events\shared-Robert-Morina-IV-OC---Cooperative-Way-20241110_203749000_iOS.MOV,video,.mov,12884402,1920x1080,7.6,Events / community activity,Supporting,Good,Events / News,Event gallery,Use after caption/context review.,media-library/06-coop-market-events/shared-Robert-Morina-IV-OC---Cooperative-Way-20241110_203749000_iOS.mp4
shared,"Cooperative Community Development Inc\Robert Morina IV, OC - Cooperative Way\20241110_203802000_iOS.MOV",website-media-filebase\06-coop-market-events\shared-Robert-Morina-IV-OC---Cooperative-Way-20241110_203802000_iOS.MOV,video,.mov,4768569,1080x1920,2.6,Events / community activity,Supporting,Good,Events / News,Event gallery,Use after caption/context review.,media-library/06-coop-market-events/shared-Robert-Morina-IV-OC---Cooperative-Way-20241110_203802000_iOS.mp4
shared,"Cooperative Community Development Inc\Robert Morina IV, OC - Cooperative Way\20241110_203806000_iOS.MOV",website-media-filebase\06-coop-market-events\shared-Robert-Morina-IV-OC---Cooperative-Way-20241110_203806000_iOS.MOV,video,.mov,9512442,1080x1920,5.4,Events / community activity,Supporting,Good,Events / News,Event gallery,Use after caption/context review.,media-library/06-coop-market-events/shared-Robert-Morina-IV-OC---Cooperative-Way-20241110_203806000_iOS.mp4
shared,"Cooperative Community Development Inc\Robert Morina IV, OC - Cooperative Way\20241110_203821000_iOS.MOV",website-media-filebase\06-coop-market-events\shared-Robert-Morina-IV-OC---Cooperative-Way-20241110_203821000_iOS.MOV,video,.mov,17370741,1080x1920,10.2,Events / community activity,Supporting,Good,Events / News,Event gallery,Use after caption/context review.,media-library/06-coop-market-events/shared-Robert-Morina-IV-OC---Cooperative-Way-20241110_203821000_iOS.mp4
shared,"Cooperative Community Development Inc\Robert Morina IV, OC - Cooperative Way\20241110_203919000_iOS.MOV",website-media-filebase\06-coop-market-events\shared-Robert-Morina-IV-OC---Cooperative-Way-20241110_203919000_iOS.MOV,video,.mov,12912513,1080x1920,7.6,Events / community activity,Supporting,Good,Events / News,Event gallery,Use after caption/context review.,media-library/06-coop-market-events/shared-Robert-Morina-IV-OC---Cooperative-Way-20241110_203919000_iOS.mp4
shared,"Cooperative Community Development Inc\Robert Morina IV, OC - Cooperative Way\20241110_203936000_iOS.MOV",website-media-filebase\06-coop-market-events\shared-Robert-Morina-IV-OC---Cooperative-Way-20241110_203936000_iOS.MOV,video,.mov,13582954,1080x1920,7.8,Events / community activity,Supporting,Good,Events / News,Event gallery,Use after caption/context review.,media-library/06-coop-market-events/shared-Robert-Morina-IV-OC---Cooperative-Way-20241110_203936000_iOS.mp4
shared,"Cooperative Community Development Inc\Robert Morina IV, OC - Cooperative Way\20241110_204026000_iOS.MOV",website-media-filebase\06-coop-market-events\shared-Robert-Morina-IV-OC---Cooperative-Way-20241110_204026000_iOS.MOV,video,.mov,36584898,2160x3840,5.4,Events / community activity,Supporting,Good,Events / News,Event gallery,Use after caption/context review.,media-library/06-coop-market-events/shared-Robert-Morina-IV-OC---Cooperative-Way-20241110_204026000_iOS.mp4
shared,"Cooperative Community Development Inc\Robert Morina IV, OC - Cooperative Way\20241110_204036000_iOS.MOV",website-media-filebase\06-coop-market-events\shared-Robert-Morina-IV-OC---Cooperative-Way-20241110_204036000_iOS.MOV,video,.mov,47325517,2160x3840,7.0,Events / community activity,Supporting,Good,Events / News,Event gallery,Use after caption/context review.,media-library/06-coop-market-events/shared-Robert-Morina-IV-OC---Cooperative-Way-20241110_204036000_iOS.mp4
shared,"Cooperative Community Development Inc\Robert Morina IV, OC - Cooperative Way\20241110_205558181_iOS.heic",,image,.heic,4193728,,,Events / community activity,Review-needed,Unknown,Events / News,Event gallery,HEIC needs visual review/conversion before web use.,
shared,"Cooperative Community Development Inc\Robert Morina IV, OC - Cooperative Way\20241110_205559261_iOS.heic",,image,.heic,4098577,,,Events / community activity,Review-needed,Unknown,Events / News,Event gallery,HEIC needs visual review/conversion before web use.,
shared,"Cooperative Community Development Inc\Robert Morina IV, OC - Cooperative Way\20241110_205701000_iOS.MOV",website-media-filebase\06-coop-market-events\shared-Robert-Morina-IV-OC---Cooperative-Way-20241110_205701000_iOS.MOV,video,.mov,47319718,1080x1920,26.8,Events / community activity,Supporting,Good,Events / News,Event gallery,Use after caption/context review.,media-library/06-coop-market-events/shared-Robert-Morina-IV-OC---Cooperative-Way-20241110_205701000_iOS.mp4
shared,"Cooperative Community Development Inc\Robert Morina IV, OC - Cooperative Way\20241110_210124000_iOS.MOV",,video,.mov,258467204,2160x3840,38.7,Events / community activity,Archive,Unknown,Events / News,Long event source,Large clip; cataloged for later review.,
shared,"Cooperative Community Development Inc\Robert Morina IV, OC - Cooperative Way\20241110_210213000_iOS.MOV",,video,.mov,115164804,2160x3840,17.1,Events / community activity,Archive,Unknown,Events / News,Long event source,Large clip; cataloged for later review.,
shared,"Cooperative Community Development Inc\Robert Morina IV, OC - Cooperative Way\20241110_210238247_iOS.heic",,image,.heic,2401303,,,Events / community activity,Review-needed,Unknown,Events / News,Event gallery,HEIC needs visual review/conversion before web use.,
shared,"Cooperative Community Development Inc\Robert Morina IV, OC - Cooperative Way\20241110_210250420_iOS.heic",,image,.heic,2426306,,,Events / community activity,Review-needed,Unknown,Events / News,Event gallery,HEIC needs visual review/conversion before web use.,
shared,"Cooperative Community Development Inc\Robert Morina IV, OC - Cooperative Way\20241110_210251733_iOS.heic",,image,.heic,2407059,,,Events / community activity,Review-needed,Unknown,Events / News,Event gallery,HEIC needs visual review/conversion before web use.,
shared,"Cooperative Community Development Inc\Robert Morina IV, OC - Cooperative Way\20241110_210255890_iOS.heic",,image,.heic,2848038,,,Events / community activity,Review-needed,Unknown,Events / News,Event gallery,HEIC needs visual review/conversion before web use.,
shared,"Cooperative Community Development Inc\Robert Morina IV, OC - Cooperative Way\20241110_210305323_iOS.heic",,image,.heic,3079848,,,Events / community activity,Review-needed,Unknown,Events / News,Event gallery,HEIC needs visual review/conversion before web use.,
shared,"Cooperative Community Development Inc\Robert Morina IV, OC - Cooperative Way\20241110_210313000_iOS.MOV",,video,.mov,197594502,2160x3840,29.0,Events / community activity,Archive,Unknown,Events / News,Long event source,Large clip; cataloged for later review.,
shared,"Cooperative Community Development Inc\Robert Morina IV, OC - Cooperative Way\20241110_210352000_iOS.MOV",,video,.mov,179138389,2160x3840,26.5,Events / community activity,Archive,Unknown,Events / News,Long event source,Large clip; cataloged for later review.,
shared,"Cooperative Community Development Inc\Robert Morina IV, OC - Cooperative Way\20241110_210451000_iOS.MOV",website-media-filebase\06-coop-market-events\shared-Robert-Morina-IV-OC---Cooperative-Way-20241110_210451000_iOS.MOV,video,.mov,2036890,2160x3840,0.3,Events / community activity,Supporting,Good,Events / News,Event gallery,Use after caption/context review.,media-library/06-coop-market-events/shared-Robert-Morina-IV-OC---Cooperative-Way-20241110_210451000_iOS.mp4
shared,"Cooperative Community Development Inc\Robert Morina IV, OC - Cooperative Way\20241110_210456606_iOS.heic",,image,.heic,985262,,,Events / community activity,Review-needed,Unknown,Events / News,Event gallery,HEIC needs visual review/conversion before web use.,
shared,"Cooperative Community Development Inc\Robert Morina IV, OC - Cooperative Way\20241110_210457300_iOS.heic",,image,.heic,1043598,,,Events / community activity,Review-needed,Unknown,Events / News,Event gallery,HEIC needs visual review/conversion before web use.,
shared,"Cooperative Community Development Inc\Robert Morina IV, OC - Cooperative Way\20241110_210543865_iOS.heic",,image,.heic,1906018,,,Events / community activity,Review-needed,Unknown,Events / News,Event gallery,HEIC needs visual review/conversion before web use.,
shared,"Cooperative Community Development Inc\Robert Morina IV, OC - Cooperative Way\20241110_210556918_iOS.heic",,image,.heic,2454505,,,Events / community activity,Review-needed,Unknown,Events / News,Event gallery,HEIC needs visual review/conversion before web use.,
shared,"Cooperative Community Development Inc\Robert Morina IV, OC - Cooperative Way\20241110_210616000_iOS.MOV",website-media-filebase\06-coop-market-events\shared-Robert-Morina-IV-OC---Cooperative-Way-20241110_210616000_iOS.MOV,video,.mov,17230544,1920x1080,15.5,Events / community activity,Supporting,Good,Events / News,Event gallery,Use after caption/context review.,media-library/06-coop-market-events/shared-Robert-Morina-IV-OC---Cooperative-Way-20241110_210616000_iOS.mp4
shared,"Cooperative Community Development Inc\Robert Morina IV, OC - Cooperative Way\20241110_210649000_iOS.MOV",website-media-filebase\06-coop-market-events\shared-Robert-Morina-IV-OC---Cooperative-Way-20241110_210649000_iOS.MOV,video,.mov,34268278,1080x1920,19.5,Events / community activity,Supporting,Good,Events / News,Event gallery,Use after caption/context review.,media-library/06-coop-market-events/shared-Robert-Morina-IV-OC---Cooperative-Way-20241110_210649000_iOS.mp4
shared,"Cooperative Community Development Inc\Robert Morina IV, OC - Cooperative Way\20241110_210747000_iOS.MOV",,video,.mov,107312774,2160x3840,15.9,Events / community activity,Archive,Unknown,Events / News,Long event source,Large clip; cataloged for later review.,
shared,"Cooperative Community Development Inc\Robert Morina IV, OC - Cooperative Way\20241110_211719903_iOS.heic",,image,.heic,3359570,,,Events / community activity,Review-needed,Unknown,Events / News,Event gallery,HEIC needs visual review/conversion before web use.,
shared,"Cooperative Community Development Inc\Robert Morina IV, OC - Cooperative Way\20241110_211727737_iOS.heic",,image,.heic,4259633,,,Events / community activity,Review-needed,Unknown,Events / News,Event gallery,HEIC needs visual review/conversion before web use.,
shared,"Cooperative Community Development Inc\Robert Morina IV, OC - Cooperative Way\20241110_211745750_iOS.heic",,image,.heic,3329344,,,Events / community activity,Review-needed,Unknown,Events / News,Event gallery,HEIC needs visual review/conversion before web use.,
shared,"Cooperative Community Development Inc\Robert Morina IV, OC - Cooperative Way\20241110_212139333_iOS.heic",,image,.heic,4164192,,,Events / community activity,Review-needed,Unknown,Events / News,Event gallery,HEIC needs visual review/conversion before web use.,
shared,"Cooperative Community Development Inc\Robert Morina IV, OC - Cooperative Way\20241110_212204000_iOS.MOV",,video,.mov,128099032,2160x3840,14.7,Events / community activity,Archive,Unknown,Events / News,Long event source,Large clip; cataloged for later review.,
shared,"Cooperative Community Development Inc\Robert Morina IV, OC - Cooperative Way\20241110_212242000_iOS.MOV",,video,.mov,212670338,2160x3840,18.3,Events / community activity,Archive,Unknown,Events / News,Long event source,Large clip; cataloged for later review.,
shared,"Cooperative Community Development Inc\Robert Morina IV, OC - Cooperative Way\20241110_212327000_iOS.MOV",,video,.mov,123668832,2160x3840,11.0,Events / community activity,Archive,Unknown,Events / News,Long event source,Large clip; cataloged for later review.,
shared,"Cooperative Community Development Inc\Robert Morina IV, OC - Cooperative Way\20241110_212359000_iOS.MOV",,video,.mov,102466451,2160x3840,15.2,Events / community activity,Archive,Unknown,Events / News,Long event source,Large clip; cataloged for later review.,
shared,"Cooperative Community Development Inc\Robert Morina IV, OC - Cooperative Way\20241110_212420932_iOS.heic",,image,.heic,2062291,,,Events / community activity,Review-needed,Unknown,Events / News,Event gallery,HEIC needs visual review/conversion before web use.,
shared,"Cooperative Community Development Inc\Robert Morina IV, OC - Cooperative Way\20241110_212423612_iOS.heic",,image,.heic,2297692,,,Events / community activity,Review-needed,Unknown,Events / News,Event gallery,HEIC needs visual review/conversion before web use.,
shared,"Cooperative Community Development Inc\Robert Morina IV, OC - Cooperative Way\20241110_212432863_iOS.heic",,image,.heic,1813122,,,Events / community activity,Review-needed,Unknown,Events / News,Event gallery,HEIC needs visual review/conversion before web use.,
shared,"Cooperative Community Development Inc\Robert Morina IV, OC - Cooperative Way\20241110_212436066_iOS.heic",,image,.heic,2469713,,,Events / community activity,Review-needed,Unknown,Events / News,Event gallery,HEIC needs visual review/conversion before web use.,
shared,"Cooperative Community Development Inc\Robert Morina IV, OC - Cooperative Way\20241110_212454948_iOS.heic",,image,.heic,3042176,,,Events / community activity,Review-needed,Unknown,Events / News,Event gallery,HEIC needs visual review/conversion before web use.,
shared,"Cooperative Community Development Inc\Robert Morina IV, OC - Cooperative Way\20241110_212507908_iOS.heic",,image,.heic,2431083,,,Events / community activity,Review-needed,Unknown,Events / News,Event gallery,HEIC needs visual review/conversion before web use.,
shared,"Cooperative Community Development Inc\Robert Morina IV, OC - Cooperative Way\20241110_212511602_iOS.heic",,image,.heic,2294641,,,Events / community activity,Review-needed,Unknown,Events / News,Event gallery,HEIC needs visual review/conversion before web use.,
shared,"Cooperative Community Development Inc\Robert Morina IV, OC - Cooperative Way\20241110_212603000_iOS.MOV",,video,.mov,171868681,2160x3840,25.6,Events / community activity,Archive,Unknown,Events / News,Long event source,Large clip; cataloged for later review.,
shared,"Cooperative Community Development Inc\Robert Morina IV, OC - Cooperative Way\20241110_212615085_iOS.jpg",website-media-filebase\06-coop-market-events\shared-Robert-Morina-IV-OC---Cooperative-Way-20241110_212615085_iOS.jpg,image,.jpg,2065499,3840x2160,,Events / community activity,Supporting,Good,Events / News,Event gallery,Use after caption/context review.,media-library/06-coop-market-events/shared-Robert-Morina-IV-OC---Cooperative-Way-20241110_212615085_iOS.jpg
shared,"Cooperative Community Development Inc\Robert Morina IV, OC - Cooperative Way\20241110_212615730_iOS.jpg",website-media-filebase\06-coop-market-events\shared-Robert-Morina-IV-OC---Cooperative-Way-20241110_212615730_iOS.jpg,image,.jpg,2098882,3840x2160,,Events / community activity,Supporting,Good,Events / News,Event gallery,Use after caption/context review.,media-library/06-coop-market-events/shared-Robert-Morina-IV-OC---Cooperative-Way-20241110_212615730_iOS.jpg
shared,"Cooperative Community Development Inc\Robert Morina IV, OC - Cooperative Way\20241110_212616404_iOS.jpg",website-media-filebase\06-coop-market-events\shared-Robert-Morina-IV-OC---Cooperative-Way-20241110_212616404_iOS.jpg,image,.jpg,2138352,3840x2160,,Events / community activity,Supporting,Good,Events / News,Event gallery,Use after caption/context review.,media-library/06-coop-market-events/shared-Robert-Morina-IV-OC---Cooperative-Way-20241110_212616404_iOS.jpg
shared,"Cooperative Community Development Inc\Robert Morina IV, OC - Cooperative Way\20241110_212617107_iOS.jpg",website-media-filebase\06-coop-market-events\shared-Robert-Morina-IV-OC---Cooperative-Way-20241110_212617107_iOS.jpg,image,.jpg,2132332,3840x2160,,Events / community activity,Supporting,Good,Events / News,Event gallery,Use after caption/context review.,media-library/06-coop-market-events/shared-Robert-Morina-IV-OC---Cooperative-Way-20241110_212617107_iOS.jpg
shared,"Cooperative Community Development Inc\Robert Morina IV, OC - Cooperative Way\20241110_212618139_iOS.jpg",website-media-filebase\06-coop-market-events\shared-Robert-Morina-IV-OC---Cooperative-Way-20241110_212618139_iOS.jpg,image,.jpg,2100684,3840x2160,,Events / community activity,Supporting,Good,Events / News,Event gallery,Use after caption/context review.,media-library/06-coop-market-events/shared-Robert-Morina-IV-OC---Cooperative-Way-20241110_212618139_iOS.jpg
shared,"Cooperative Community Development Inc\Robert Morina IV, OC - Cooperative Way\20241110_212619350_iOS.jpg",website-media-filebase\06-coop-market-events\shared-Robert-Morina-IV-OC---Cooperative-Way-20241110_212619350_iOS.jpg,image,.jpg,2145043,3840x2160,,Events / community activity,Supporting,Good,Events / News,Event gallery,Use after caption/context review.,media-library/06-coop-market-events/shared-Robert-Morina-IV-OC---Cooperative-Way-20241110_212619350_iOS.jpg
shared,"Cooperative Community Development Inc\Robert Morina IV, OC - Cooperative Way\20241110_212633000_iOS.MOV",website-media-filebase\06-coop-market-events\shared-Robert-Morina-IV-OC---Cooperative-Way-20241110_212633000_iOS.MOV,video,.mov,52679176,2160x3840,7.1,Events / community activity,Supporting,Good,Events / News,Event gallery,Use after caption/context review.,media-library/06-coop-market-events/shared-Robert-Morina-IV-OC---Cooperative-Way-20241110_212633000_iOS.mp4
shared,"Cooperative Community Development Inc\Robert Morina IV, OC - Cooperative Way\20241110_212653000_iOS.heic",,image,.heic,2597823,,,Events / community activity,Review-needed,Unknown,Events / News,Event gallery,HEIC needs visual review/conversion before web use.,
shared,"Cooperative Community Development Inc\Robert Morina IV, OC - Cooperative Way\20241110_212656986_iOS.heic",,image,.heic,2270093,,,Events / community activity,Review-needed,Unknown,Events / News,Event gallery,HEIC needs visual review/conversion before web use.,
shared,"Cooperative Community Development Inc\Robert Morina IV, OC - Cooperative Way\20241110_212702178_iOS.heic",,image,.heic,955850,,,Events / community activity,Review-needed,Unknown,Events / News,Event gallery,HEIC needs visual review/conversion before web use.,
shared,"Cooperative Community Development Inc\Robert Morina IV, OC - Cooperative Way\20241110_212726000_iOS.MOV",,video,.mov,191635174,2160x3840,19.2,Events / community activity,Archive,Unknown,Events / News,Long event source,Large clip; cataloged for later review.,
shared,"Cooperative Community Development Inc\Robert Morina IV, OC - Cooperative Way\20241110_212750000_iOS.MOV",website-media-filebase\06-coop-market-events\shared-Robert-Morina-IV-OC---Cooperative-Way-20241110_212750000_iOS.MOV,video,.mov,53829796,2160x3840,6.9,Events / community activity,Supporting,Good,Events / News,Event gallery,Use after caption/context review.,media-library/06-coop-market-events/shared-Robert-Morina-IV-OC---Cooperative-Way-20241110_212750000_iOS.mp4
shared,"Cooperative Community Development Inc\Robert Morina IV, OC - Cooperative Way\20241110_212815053_iOS.heic",,image,.heic,2479319,,,Events / community activity,Review-needed,Unknown,Events / News,Event gallery,HEIC needs visual review/conversion before web use.,
shared,"Cooperative Community Development Inc\Robert Morina IV, OC - Cooperative Way\20241110_212817021_iOS.heic",,image,.heic,2567038,,,Events / community activity,Review-needed,Unknown,Events / News,Event gallery,HEIC needs visual review/conversion before web use.,
shared,"Cooperative Community Development Inc\Robert Morina IV, OC - Cooperative Way\20241110_212821643_iOS.heic",,image,.heic,1961018,,,Events / community activity,Review-needed,Unknown,Events / News,Event gallery,HEIC needs visual review/conversion before web use.,
shared,"Cooperative Community Development Inc\Robert Morina IV, OC - Cooperative Way\20241110_212825182_iOS.heic",,image,.heic,2471770,,,Events / community activity,Review-needed,Unknown,Events / News,Event gallery,HEIC needs visual review/conversion before web use.,
shared,"Cooperative Community Development Inc\Robert Morina IV, OC - Cooperative Way\20241110_212829169_iOS.heic",,image,.heic,2583293,,,Events / community activity,Review-needed,Unknown,Events / News,Event gallery,HEIC needs visual review/conversion before web use.,
shared,"Cooperative Community Development Inc\Robert Morina IV, OC - Cooperative Way\20241110_212832168_iOS.heic",,image,.heic,2907435,,,Events / community activity,Review-needed,Unknown,Events / News,Event gallery,HEIC needs visual review/conversion before web use.,
shared,"Cooperative Community Development Inc\Robert Morina IV, OC - Cooperative Way\20241110_212833592_iOS.heic",,image,.heic,2654579,,,Events / community activity,Review-needed,Unknown,Events / News,Event gallery,HEIC needs visual review/conversion before web use.,
shared,"Cooperative Community Development Inc\Robert Morina IV, OC - Cooperative Way\20241110_212836544_iOS.heic",,image,.heic,2538575,,,Events / community activity,Review-needed,Unknown,Events / News,Event gallery,HEIC needs visual review/conversion before web use.,
shared,"Cooperative Community Development Inc\Robert Morina IV, OC - Cooperative Way\20241110_212935695_iOS.heic",,image,.heic,2551747,,,Events / community activity,Review-needed,Unknown,Events / News,Event gallery,HEIC needs visual review/conversion before web use.,
shared,"Cooperative Community Development Inc\Robert Morina IV, OC - Cooperative Way\20241110_212941558_iOS.heic",,image,.heic,2528784,,,Events / community activity,Review-needed,Unknown,Events / News,Event gallery,HEIC needs visual review/conversion before web use.,
shared,"Cooperative Community Development Inc\Robert Morina IV, OC - Cooperative Way\20241110_212946081_iOS.heic",,image,.heic,2492559,,,Events / community activity,Review-needed,Unknown,Events / News,Event gallery,HEIC needs visual review/conversion before web use.,
shared,"Cooperative Community Development Inc\Johnny Martin Jr., CEO - 5-Minute Histories\City Chill\Group at City Chill w_On_looker.jpeg",website-media-filebase\08-history-walking-tour-murals\shared-Johnny-Martin-Jr.-CEO---5-Minute-Histories-City-Chill-Group-at-City-Chill-w_On_looker.jpeg,image,.jpeg,663688,1600x1067,,History / walking tour,Supporting,Good,About / Projects / Impact map,History and walking-tour proof,"Use for story sections, map, and galleries.",media-library/08-history-walking-tour-murals/shared-Johnny-Martin-Jr.-CEO---5-Minute-Histories-City-Chill-Group-at-City-Chill-w_On_looker.jpg
shared,"Cooperative Community Development Inc\Johnny Martin Jr., CEO - 5-Minute Histories\City Chill\Group at City Chill.jpeg",website-media-filebase\08-history-walking-tour-murals\shared-Johnny-Martin-Jr.-CEO---5-Minute-Histories-City-Chill-Group-at-City-Chill.jpeg,image,.jpeg,625479,1600x1067,,History / walking tour,Supporting,Good,About / Projects / Impact map,History and walking-tour proof,"Use for story sections, map, and galleries.",media-library/08-history-walking-tour-murals/shared-Johnny-Martin-Jr.-CEO---5-Minute-Histories-City-Chill-Group-at-City-Chill.jpg
shared,"Cooperative Community Development Inc\Johnny Martin Jr., CEO - 5-Minute Histories\City Chill\Latosha Maddox, Artist.png",website-media-filebase\08-history-walking-tour-murals\shared-Johnny-Martin-Jr.-CEO---5-Minute-Histories-City-Chill-Latosha-Maddox-Artist.png,image,.png,14961244,4032x3024,,History / walking tour,Supporting,Good,About / Projects / Impact map,History and walking-tour proof,"Use for story sections, map, and galleries.",media-library/08-history-walking-tour-murals/shared-Johnny-Martin-Jr.-CEO---5-Minute-Histories-City-Chill-Latosha-Maddox-Artist.jpg
shared,"Cooperative Community Development Inc\Johnny Martin Jr., CEO - 5-Minute Histories\City Chill\Together-1.textClipping",website-media-filebase\90-source-docs\shared-Johnny-Martin-Jr.-CEO---5-Minute-Histories-City-Chill-Together-1.textClipping,document,.textclipping,203,,,Source document,Supporting,Good,Planning / source copy,Reference copy,"Keep as source material, not visual hero media.",
shared,"Cooperative Community Development Inc\Johnny Martin Jr., CEO - 5-Minute Histories\City Chill\Together-10.jpeg",website-media-filebase\08-history-walking-tour-murals\shared-Johnny-Martin-Jr.-CEO---5-Minute-Histories-City-Chill-Together-10.jpeg,image,.jpeg,597414,1600x1067,,History / walking tour,Supporting,Good,About / Projects / Impact map,History and walking-tour proof,"Use for story sections, map, and galleries.",media-library/08-history-walking-tour-murals/shared-Johnny-Martin-Jr.-CEO---5-Minute-Histories-City-Chill-Together-10.jpg
shared,"Cooperative Community Development Inc\Johnny Martin Jr., CEO - 5-Minute Histories\City Chill\Together-2.jpeg",website-media-filebase\08-history-walking-tour-murals\shared-Johnny-Martin-Jr.-CEO---5-Minute-Histories-City-Chill-Together-2.jpeg,image,.jpeg,724058,1600x1067,,History / walking tour,Supporting,Good,About / Projects / Impact map,History and walking-tour proof,"Use for story sections, map, and galleries.",media-library/08-history-walking-tour-murals/shared-Johnny-Martin-Jr.-CEO---5-Minute-Histories-City-Chill-Together-2.jpg
shared,"Cooperative Community Development Inc\Johnny Martin Jr., CEO - 5-Minute Histories\City Chill\Together-3.jpeg",website-media-filebase\08-history-walking-tour-murals\shared-Johnny-Martin-Jr.-CEO---5-Minute-Histories-City-Chill-Together-3.jpeg,image,.jpeg,367574,1600x1067,,History / walking tour,Supporting,Good,About / Projects / Impact map,History and walking-tour proof,"Use for story sections, map, and galleries.",media-library/08-history-walking-tour-murals/shared-Johnny-Martin-Jr.-CEO---5-Minute-Histories-City-Chill-Together-3.jpg
shared,"Cooperative Community Development Inc\Johnny Martin Jr., CEO - 5-Minute Histories\City Chill\Together-4.jpeg",website-media-filebase\08-history-walking-tour-murals\shared-Johnny-Martin-Jr.-CEO---5-Minute-Histories-City-Chill-Together-4.jpeg,image,.jpeg,770165,1600x1067,,History / walking tour,Supporting,Good,About / Projects / Impact map,History and walking-tour proof,"Use for story sections, map, and galleries.",media-library/08-history-walking-tour-murals/shared-Johnny-Martin-Jr.-CEO---5-Minute-Histories-City-Chill-Together-4.jpg
shared,"Cooperative Community Development Inc\Johnny Martin Jr., CEO - 5-Minute Histories\City Chill\Together-5.jpeg",website-media-filebase\08-history-walking-tour-murals\shared-Johnny-Martin-Jr.-CEO---5-Minute-Histories-City-Chill-Together-5.jpeg,image,.jpeg,746692,1600x1067,,History / walking tour,Supporting,Good,About / Projects / Impact map,History and walking-tour proof,"Use for story sections, map, and galleries.",media-library/08-history-walking-tour-murals/shared-Johnny-Martin-Jr.-CEO---5-Minute-Histories-City-Chill-Together-5.jpg
shared,"Cooperative Community Development Inc\Johnny Martin Jr., CEO - 5-Minute Histories\City Chill\Together-6.jpeg",website-media-filebase\08-history-walking-tour-murals\shared-Johnny-Martin-Jr.-CEO---5-Minute-Histories-City-Chill-Together-6.jpeg,image,.jpeg,757150,1600x1067,,History / walking tour,Supporting,Good,About / Projects / Impact map,History and walking-tour proof,"Use for story sections, map, and galleries.",media-library/08-history-walking-tour-murals/shared-Johnny-Martin-Jr.-CEO---5-Minute-Histories-City-Chill-Together-6.jpg
shared,"Cooperative Community Development Inc\Johnny Martin Jr., CEO - 5-Minute Histories\City Chill\Together-7.jpeg",website-media-filebase\08-history-walking-tour-murals\shared-Johnny-Martin-Jr.-CEO---5-Minute-Histories-City-Chill-Together-7.jpeg,image,.jpeg,714935,1600x1067,,History / walking tour,Supporting,Good,About / Projects / Impact map,History and walking-tour proof,"Use for story sections, map, and galleries.",media-library/08-history-walking-tour-murals/shared-Johnny-Martin-Jr.-CEO---5-Minute-Histories-City-Chill-Together-7.jpg
shared,"Cooperative Community Development Inc\Johnny Martin Jr., CEO - 5-Minute Histories\City Chill\Together-9.jpeg",website-media-filebase\08-history-walking-tour-murals\shared-Johnny-Martin-Jr.-CEO---5-Minute-Histories-City-Chill-Together-9.jpeg,image,.jpeg,689385,1600x1067,,History / walking tour,Supporting,Good,About / Projects / Impact map,History and walking-tour proof,"Use for story sections, map, and galleries.",media-library/08-history-walking-tour-murals/shared-Johnny-Martin-Jr.-CEO---5-Minute-Histories-City-Chill-Together-9.jpg
shared,"Cooperative Community Development Inc\Johnny Martin Jr., CEO - 5-Minute Histories\Future of Irvington_CCD Initiatives\CCD Org Overview.pdf",website-media-filebase\90-source-docs\shared-Johnny-Martin-Jr.-CEO---5-Minute-Histories-Future-of-Irvington_CCD-Initiatives-CCD-Org-Overview.pdf,document,.pdf,7137598,,,Source document,Supporting,Good,About / Donate,Reference copy,"Keep as source material, not visual hero media.",
shared,"Cooperative Community Development Inc\Johnny Martin Jr., CEO - 5-Minute Histories\ICA Memorial Garden\200 S Loudon (CCD Inc-1).HEIC",website-media-filebase\08-history-walking-tour-murals\shared-Johnny-Martin-Jr.-CEO---5-Minute-Histories-ICA-Memorial-Garden-200-S-Loudon-CCD-Inc-1-.HEIC,image,.heic,3953504,,,History / walking tour,Supporting,Good,About / Projects / Impact map,History and walking-tour proof,"Use for story sections, map, and galleries.",media-library/08-history-walking-tour-murals/shared-Johnny-Martin-Jr.-CEO---5-Minute-Histories-ICA-Memorial-Garden-200-S-Loudon-CCD-Inc-1-.jpg
shared,"Cooperative Community Development Inc\Johnny Martin Jr., CEO - 5-Minute Histories\ICA Memorial Garden\200 S Loudon (CCD Inc-2).HEIC",website-media-filebase\08-history-walking-tour-murals\shared-Johnny-Martin-Jr.-CEO---5-Minute-Histories-ICA-Memorial-Garden-200-S-Loudon-CCD-Inc-2-.HEIC,image,.heic,4691522,,,History / walking tour,Supporting,Good,About / Projects / Impact map,History and walking-tour proof,"Use for story sections, map, and galleries.",media-library/08-history-walking-tour-murals/shared-Johnny-Martin-Jr.-CEO---5-Minute-Histories-ICA-Memorial-Garden-200-S-Loudon-CCD-Inc-2-.jpg
shared,"Cooperative Community Development Inc\Johnny Martin Jr., CEO - 5-Minute Histories\ICA Memorial Garden\200 S Loudon (CCD Inc-3).HEIC",website-media-filebase\08-history-walking-tour-murals\shared-Johnny-Martin-Jr.-CEO---5-Minute-Histories-ICA-Memorial-Garden-200-S-Loudon-CCD-Inc-3-.HEIC,image,.heic,4566108,,,History / walking tour,Supporting,Good,About / Projects / Impact map,History and walking-tour proof,"Use for story sections, map, and galleries.",media-library/08-history-walking-tour-murals/shared-Johnny-Martin-Jr.-CEO---5-Minute-Histories-ICA-Memorial-Garden-200-S-Loudon-CCD-Inc-3-.jpg
shared,"Cooperative Community Development Inc\Johnny Martin Jr., CEO - 5-Minute Histories\ICA Memorial Garden\200 S Loudon (CCD Inc-4).HEIC",website-media-filebase\08-history-walking-tour-murals\shared-Johnny-Martin-Jr.-CEO---5-Minute-Histories-ICA-Memorial-Garden-200-S-Loudon-CCD-Inc-4-.HEIC,image,.heic,4327046,,,History / walking tour,Supporting,Good,About / Projects / Impact map,History and walking-tour proof,"Use for story sections, map, and galleries.",media-library/08-history-walking-tour-murals/shared-Johnny-Martin-Jr.-CEO---5-Minute-Histories-ICA-Memorial-Garden-200-S-Loudon-CCD-Inc-4-.jpg
shared,"Cooperative Community Development Inc\Johnny Martin Jr., CEO - 5-Minute Histories\ICA Memorial Garden\200 S Loudon (CCD Inc-5).HEIC",website-media-filebase\08-history-walking-tour-murals\shared-Johnny-Martin-Jr.-CEO---5-Minute-Histories-ICA-Memorial-Garden-200-S-Loudon-CCD-Inc-5-.HEIC,image,.heic,1260965,,,History / walking tour,Supporting,Good,About / Projects / Impact map,History and walking-tour proof,"Use for story sections, map, and galleries.",media-library/08-history-walking-tour-murals/shared-Johnny-Martin-Jr.-CEO---5-Minute-Histories-ICA-Memorial-Garden-200-S-Loudon-CCD-Inc-5-.jpg
shared,"Cooperative Community Development Inc\Johnny Martin Jr., CEO - 5-Minute Histories\ICA Memorial Garden\200 S Loudon (CCD Inc-6).HEIC",website-media-filebase\08-history-walking-tour-murals\shared-Johnny-Martin-Jr.-CEO---5-Minute-Histories-ICA-Memorial-Garden-200-S-Loudon-CCD-Inc-6-.HEIC,image,.heic,1592785,,,History / walking tour,Supporting,Good,About / Projects / Impact map,History and walking-tour proof,"Use for story sections, map, and galleries.",media-library/08-history-walking-tour-murals/shared-Johnny-Martin-Jr.-CEO---5-Minute-Histories-ICA-Memorial-Garden-200-S-Loudon-CCD-Inc-6-.jpg
shared,"Cooperative Community Development Inc\Johnny Martin Jr., CEO - 5-Minute Histories\ICA Memorial Garden\200 S Loudon (CCD Inc-7).jpg",website-media-filebase\08-history-walking-tour-murals\shared-Johnny-Martin-Jr.-CEO---5-Minute-Histories-ICA-Memorial-Garden-200-S-Loudon-CCD-Inc-7-.jpg,image,.jpg,2917675,3024x4032,,History / walking tour,Supporting,Good,About / Projects / Impact map,History and walking-tour proof,"Use for story sections, map, and galleries.",media-library/08-history-walking-tour-murals/shared-Johnny-Martin-Jr.-CEO---5-Minute-Histories-ICA-Memorial-Garden-200-S-Loudon-CCD-Inc-7-.jpg
shared,"Cooperative Community Development Inc\Johnny Martin Jr., CEO - 5-Minute Histories\ICA Memorial Garden\200 S Loudon (CCD Inc-8).JPG",website-media-filebase\08-history-walking-tour-murals\shared-Johnny-Martin-Jr.-CEO---5-Minute-Histories-ICA-Memorial-Garden-200-S-Loudon-CCD-Inc-8-.JPG,image,.jpg,3169961,4032x3024,,History / walking tour,Supporting,Good,About / Projects / Impact map,History and walking-tour proof,"Use for story sections, map, and galleries.",media-library/08-history-walking-tour-murals/shared-Johnny-Martin-Jr.-CEO---5-Minute-Histories-ICA-Memorial-Garden-200-S-Loudon-CCD-Inc-8-.jpg
shared,"Cooperative Community Development Inc\Johnny Martin Jr., CEO - 5-Minute Histories\ICA Memorial Garden\200 S Loudon (CCD Inc-9).jpg",website-media-filebase\08-history-walking-tour-murals\shared-Johnny-Martin-Jr.-CEO---5-Minute-Histories-ICA-Memorial-Garden-200-S-Loudon-CCD-Inc-9-.jpg,image,.jpg,1353384,2316x3088,,History / walking tour,Supporting,Good,About / Projects / Impact map,History and walking-tour proof,"Use for story sections, map, and galleries.",media-library/08-history-walking-tour-murals/shared-Johnny-Martin-Jr.-CEO---5-Minute-Histories-ICA-Memorial-Garden-200-S-Loudon-CCD-Inc-9-.jpg
shared,"Cooperative Community Development Inc\Johnny Martin Jr., CEO - 5-Minute Histories\Mural 2 - Community Marketplace\Marketplace 1.png",website-media-filebase\08-history-walking-tour-murals\shared-Johnny-Martin-Jr.-CEO---5-Minute-Histories-Mural-2---Community-Marketplace-Marketplace-1.png,image,.png,14365900,4032x3024,,Murals / community marketplace,Website-ready,Strong,Projects / About,Mural and local culture gallery,Strong place-based visual; use as supporting project media.,media-library/08-history-walking-tour-murals/shared-Johnny-Martin-Jr.-CEO---5-Minute-Histories-Mural-2---Community-Marketplace-Marketplace-1.jpg
shared,"Cooperative Community Development Inc\Johnny Martin Jr., CEO - 5-Minute Histories\Mural 2 - Community Marketplace\Marketplace 2.png",website-media-filebase\08-history-walking-tour-murals\shared-Johnny-Martin-Jr.-CEO---5-Minute-Histories-Mural-2---Community-Marketplace-Marketplace-2.png,image,.png,14837979,4032x3024,,Murals / community marketplace,Website-ready,Strong,Projects / About,Mural and local culture gallery,Strong place-based visual; use as supporting project media.,media-library/08-history-walking-tour-murals/shared-Johnny-Martin-Jr.-CEO---5-Minute-Histories-Mural-2---Community-Marketplace-Marketplace-2.jpg
shared,"Cooperative Community Development Inc\Johnny Martin Jr., CEO - 5-Minute Histories\Mural 2 - Community Marketplace\Marketplace 3.png",website-media-filebase\08-history-walking-tour-murals\shared-Johnny-Martin-Jr.-CEO---5-Minute-Histories-Mural-2---Community-Marketplace-Marketplace-3.png,image,.png,14870633,4032x3024,,Murals / community marketplace,Website-ready,Strong,Projects / About,Mural and local culture gallery,Strong place-based visual; use as supporting project media.,media-library/08-history-walking-tour-murals/shared-Johnny-Martin-Jr.-CEO---5-Minute-Histories-Mural-2---Community-Marketplace-Marketplace-3.jpg
shared,"Cooperative Community Development Inc\Johnny Martin Jr., CEO - 5-Minute Histories\Mural 2 - Community Marketplace\Marketplace 4.png",website-media-filebase\08-history-walking-tour-murals\shared-Johnny-Martin-Jr.-CEO---5-Minute-Histories-Mural-2---Community-Marketplace-Marketplace-4.png,image,.png,13409275,4032x3024,,Murals / community marketplace,Website-ready,Strong,Projects / About,Mural and local culture gallery,Strong place-based visual; use as supporting project media.,media-library/08-history-walking-tour-murals/shared-Johnny-Martin-Jr.-CEO---5-Minute-Histories-Mural-2---Community-Marketplace-Marketplace-4.jpg
shared,"Cooperative Community Development Inc\Johnny Martin Jr., CEO - 5-Minute Histories\Mural 2 - Community Marketplace\Parris Ashley, Artist.png",website-media-filebase\08-history-walking-tour-murals\shared-Johnny-Martin-Jr.-CEO---5-Minute-Histories-Mural-2---Community-Marketplace-Parris-Ashley-Artist.png,image,.png,10093204,4032x3024,,Murals / community marketplace,Website-ready,Strong,Projects / About,Mural and local culture gallery,Strong place-based visual; use as supporting project media.,media-library/08-history-walking-tour-murals/shared-Johnny-Martin-Jr.-CEO---5-Minute-Histories-Mural-2---Community-Marketplace-Parris-Ashley-Artist.jpg
shared,"Cooperative Community Development Inc\Johnny Martin Jr., CEO - 5-Minute Histories\Video Links\Baltimore Heritage - Community Mural projects [CCD Inc].MP4",website-media-filebase\08-history-walking-tour-murals\shared-Johnny-Martin-Jr.-CEO---5-Minute-Histories-Video-Links-Baltimore-Heritage---Community-Mural-projects-CCD-Inc-.MP4,video,.mp4,72279082,1280x720,197.8,Murals / community marketplace,Website-ready,Strong,Projects / About,Mural and local culture gallery,Strong place-based visual; use as supporting project media.,media-library/08-history-walking-tour-murals/shared-Johnny-Martin-Jr.-CEO---5-Minute-Histories-Video-Links-Baltimore-Heritage---Community-Mural-projects-CCD-Inc-.mp4
shared,"Cooperative Community Development Inc\Johnny Martin Jr., CEO - 5-Minute Histories\Video Links\Creating the Oasis @ 240 [CCD Inc].MP4",website-media-filebase\08-history-walking-tour-murals\shared-Johnny-Martin-Jr.-CEO---5-Minute-Histories-Video-Links-Creating-the-Oasis-240-CCD-Inc-.MP4,video,.mp4,309757564,854x480,814.4,History / walking tour,Supporting,Good,About / Projects / Impact map,History and walking-tour proof,"Use for story sections, map, and galleries.",media-library/08-history-walking-tour-murals/shared-Johnny-Martin-Jr.-CEO---5-Minute-Histories-Video-Links-Creating-the-Oasis-240-CCD-Inc-.mp4
shared,"Cooperative Community Development Inc\Johnny Martin Jr., CEO - 5-Minute Histories\Video Links\Promo 2026 v1 [CCD Inc - Baltimore] v1.mp4",website-media-filebase\08-history-walking-tour-murals\shared-Johnny-Martin-Jr.-CEO---5-Minute-Histories-Video-Links-Promo-2026-v1-CCD-Inc---Baltimore-v1.mp4,video,.mp4,278506455,1920x1080,115.9,History / walking tour,Supporting,Good,About / Projects / Impact map,History and walking-tour proof,"Use for story sections, map, and galleries.",media-library/08-history-walking-tour-murals/shared-Johnny-Martin-Jr.-CEO---5-Minute-Histories-Video-Links-Promo-2026-v1-CCD-Inc---Baltimore-v1.mp4
shared,"Cooperative Community Development Inc\Johnny Martin Jr., CEO - 5-Minute Histories\Walk Final Photos\Group at BMore Fresh Barbershop.jpeg",website-media-filebase\08-history-walking-tour-murals\shared-Johnny-Martin-Jr.-CEO---5-Minute-Histories-Walk-Final-Photos-Group-at-BMore-Fresh-Barbershop.jpeg,image,.jpeg,710037,1600x1067,,History / walking tour,Supporting,Good,About / Projects / Impact map,History and walking-tour proof,"Use for story sections, map, and galleries.",media-library/08-history-walking-tour-murals/shared-Johnny-Martin-Jr.-CEO---5-Minute-Histories-Walk-Final-Photos-Group-at-BMore-Fresh-Barbershop.jpg
shared,"Cooperative Community Development Inc\Johnny Martin Jr., CEO - 5-Minute Histories\Walk Final Photos\Group at City Chill w_On_looker.jpeg",website-media-filebase\08-history-walking-tour-murals\shared-Johnny-Martin-Jr.-CEO---5-Minute-Histories-Walk-Final-Photos-Group-at-City-Chill-w_On_looker.jpeg,image,.jpeg,663688,1600x1067,,History / walking tour,Supporting,Good,About / Projects / Impact map,History and walking-tour proof,"Use for story sections, map, and galleries.",media-library/08-history-walking-tour-murals/shared-Johnny-Martin-Jr.-CEO---5-Minute-Histories-Walk-Final-Photos-Group-at-City-Chill-w_On_looker.jpg
shared,"Cooperative Community Development Inc\Johnny Martin Jr., CEO - 5-Minute Histories\Walk Final Photos\Group at City Chill.jpeg",website-media-filebase\08-history-walking-tour-murals\shared-Johnny-Martin-Jr.-CEO---5-Minute-Histories-Walk-Final-Photos-Group-at-City-Chill.jpeg,image,.jpeg,625479,1600x1067,,History / walking tour,Supporting,Good,About / Projects / Impact map,History and walking-tour proof,"Use for story sections, map, and galleries.",media-library/08-history-walking-tour-murals/shared-Johnny-Martin-Jr.-CEO---5-Minute-Histories-Walk-Final-Photos-Group-at-City-Chill.jpg
shared,"Cooperative Community Development Inc\Johnny Martin Jr., CEO - 5-Minute Histories\Walk Final Photos\Group at Oasis.jpeg",website-media-filebase\08-history-walking-tour-murals\shared-Johnny-Martin-Jr.-CEO---5-Minute-Histories-Walk-Final-Photos-Group-at-Oasis.jpeg,image,.jpeg,672451,1600x1067,,History / walking tour,Supporting,Good,About / Projects / Impact map,History and walking-tour proof,"Use for story sections, map, and galleries.",media-library/08-history-walking-tour-murals/shared-Johnny-Martin-Jr.-CEO---5-Minute-Histories-Walk-Final-Photos-Group-at-Oasis.jpg
shared,"Cooperative Community Development Inc\Johnny Martin Jr., CEO - 5-Minute Histories\Walk Final Photos\ICA Memorial Garden.jpeg",website-media-filebase\08-history-walking-tour-murals\shared-Johnny-Martin-Jr.-CEO---5-Minute-Histories-Walk-Final-Photos-ICA-Memorial-Garden.jpeg,image,.jpeg,159605,800x533,,History / walking tour,Supporting,Good,About / Projects / Impact map,History and walking-tour proof,"Use for story sections, map, and galleries.",media-library/08-history-walking-tour-murals/shared-Johnny-Martin-Jr.-CEO---5-Minute-Histories-Walk-Final-Photos-ICA-Memorial-Garden.jpg
shared,"Cooperative Community Development Inc\Johnny Martin Jr., CEO - 5-Minute Histories\Walk Final Photos\Johns BIG SMILE.jpeg",website-media-filebase\08-history-walking-tour-murals\shared-Johnny-Martin-Jr.-CEO---5-Minute-Histories-Walk-Final-Photos-Johns-BIG-SMILE.jpeg,image,.jpeg,576020,1600x1067,,History / walking tour,Supporting,Good,About / Projects / Impact map,History and walking-tour proof,"Use for story sections, map, and galleries.",media-library/08-history-walking-tour-murals/shared-Johnny-Martin-Jr.-CEO---5-Minute-Histories-Walk-Final-Photos-Johns-BIG-SMILE.jpg
shoe,Shoe Drive CCD\CCD_Sneaker_Drive_Slide_CCDEvent.pptx,website-media-filebase\10-shoe-drive-campaign\shoe-.-CCD_Sneaker_Drive_Slide_CCDEvent.pptx,document,.pptx,1126257,,,Shoe Drive campaign,Supporting,Good,Events / News,Shoe Drive promotion,Campaign asset from existing drive package.,
shoe,Shoe Drive CCD\F2OWhyShoes.pdf,website-media-filebase\10-shoe-drive-campaign\shoe-.-F2OWhyShoes.pdf,document,.pdf,1403888,,,Shoe Drive campaign,Supporting,Good,Events / News,Shoe Drive promotion,Campaign asset from existing drive package.,
shoe,Shoe Drive CCD\Shoe Drive\Calendar_Media_Alert (1).doc,website-media-filebase\10-shoe-drive-campaign\shoe-Shoe-Drive-Calendar_Media_Alert-1-.doc,document,.doc,56320,,,Shoe Drive campaign,Supporting,Good,Events / News,Shoe Drive promotion,Campaign asset from existing drive package.,
shoe,Shoe Drive CCD\Shoe Drive\F2OWhyShoes.pdf,website-media-filebase\10-shoe-drive-campaign\shoe-Shoe-Drive-F2OWhyShoes.pdf,document,.pdf,1403888,,,Shoe Drive campaign,Supporting,Good,Events / News,Shoe Drive promotion,Campaign asset from existing drive package.,
shoe,Shoe Drive CCD\Shoe Drive\PressRelease.docx,website-media-filebase\10-shoe-drive-campaign\shoe-Shoe-Drive-PressRelease.docx,document,.docx,32142,,,Shoe Drive campaign,Supporting,Good,Events / News,Shoe Drive promotion,Campaign asset from existing drive package.,
shoe,Shoe Drive CCD\Shoe Drive\Social Media Captions.docx,website-media-filebase\10-shoe-drive-campaign\shoe-Shoe-Drive-Social-Media-Captions.docx,document,.docx,17039,,,Shoe Drive campaign,Supporting,Good,Events / News,Shoe Drive promotion,Campaign asset from existing drive package.,
shoe,Shoe Drive CCD\Shoe Drive\CCD\CCD_Sneaker_Drive_Slide.pptx,website-media-filebase\10-shoe-drive-campaign\shoe-Shoe-Drive-CCD-CCD_Sneaker_Drive_Slide.pptx,document,.pptx,1128337,,,Shoe Drive campaign,Supporting,Good,Events / News,Shoe Drive promotion,Campaign asset from existing drive package.,
shoe,Shoe Drive CCD\Shoe Drive\CCD\CCD_Sneaker_Drive_Slide_CCDEvent.pptx,website-media-filebase\10-shoe-drive-campaign\shoe-Shoe-Drive-CCD-CCD_Sneaker_Drive_Slide_CCDEvent.pptx,document,.pptx,1126257,,,Shoe Drive campaign,Supporting,Good,Events / News,Shoe Drive promotion,Campaign asset from existing drive package.,
shoe,Shoe Drive CCD\Shoe Drive\CCD\Dis_0609_CCD_Flyer_v01.pptx,website-media-filebase\10-shoe-drive-campaign\shoe-Shoe-Drive-CCD-Dis_0609_CCD_Flyer_v01.pptx,document,.pptx,412440,,,Shoe Drive campaign,Supporting,Good,Events / News,Shoe Drive promotion,Campaign asset from existing drive package.,
shoe,Shoe Drive CCD\Shoe Drive\CCD\Dis_0609__CCM_Partner-5-Week-Email-Template.docx,website-media-filebase\10-shoe-drive-campaign\shoe-Shoe-Drive-CCD-Dis_0609__CCM_Partner-5-Week-Email-Template.docx,document,.docx,126833,,,Shoe Drive campaign,Supporting,Good,Events / News,Shoe Drive promotion,Campaign asset from existing drive package.,
shoe,Shoe Drive CCD\Shoe Drive\CCD\Dis_0610_CCD_Busiess_Window.pdf,website-media-filebase\10-shoe-drive-campaign\shoe-Shoe-Drive-CCD-Dis_0610_CCD_Busiess_Window.pdf,document,.pdf,576237,,,Shoe Drive campaign,Supporting,Good,Events / News,Shoe Drive promotion,Campaign asset from existing drive package.,
shoe,Shoe Drive CCD\Shoe Drive\CCD\Dis_0610_CCD_Social Media Captions.docx,website-media-filebase\10-shoe-drive-campaign\shoe-Shoe-Drive-CCD-Dis_0610_CCD_Social-Media-Captions.docx,document,.docx,20401,,,Shoe Drive campaign,Supporting,Good,Events / News,Shoe Drive promotion,Campaign asset from existing drive package.,
shoe,Shoe Drive CCD\Shoe Drive\CCD\Dis_0618_PU_626_CCD_Neighborhood-Flyer.pdf,website-media-filebase\10-shoe-drive-campaign\shoe-Shoe-Drive-CCD-Dis_0618_PU_626_CCD_Neighborhood-Flyer.pdf,document,.pdf,11553811,,,Shoe Drive campaign,Supporting,Good,Events / News,Shoe Drive promotion,Campaign asset from existing drive package.,
shoe,Shoe Drive CCD\Shoe Drive\CCD\Dis_610_CCD_Business_Letter.docx,website-media-filebase\10-shoe-drive-campaign\shoe-Shoe-Drive-CCD-Dis_610_CCD_Business_Letter.docx,document,.docx,298570,,,Shoe Drive campaign,Supporting,Good,Events / News,Shoe Drive promotion,Campaign asset from existing drive package.,
shoe,Shoe Drive CCD\Shoe Drive\CCD\F2OWhyShoes.pdf,website-media-filebase\10-shoe-drive-campaign\shoe-Shoe-Drive-CCD-F2OWhyShoes.pdf,document,.pdf,1403888,,,Shoe Drive campaign,Supporting,Good,Events / News,Shoe Drive promotion,Campaign asset from existing drive package.,
shoe,Shoe Drive CCD\Shoe Drive\CCM\Dis_0610_CCM-Week-Email-Template_v01.docx,website-media-filebase\10-shoe-drive-campaign\shoe-Shoe-Drive-CCM-Dis_0610_CCM-Week-Email-Template_v01.docx,document,.docx,126895,,,Shoe Drive campaign,Supporting,Good,Events / News,Shoe Drive promotion,Campaign asset from existing drive package.,
shoe,Shoe Drive CCD\Shoe Drive\CCM\Dis_0610_Cleaning-Out-Your-Closets-Assorted-Shoes.pdf,website-media-filebase\10-shoe-drive-campaign\shoe-Shoe-Drive-CCM-Dis_0610_Cleaning-Out-Your-Closets-Assorted-Shoes.pdf,document,.pdf,576268,,,Shoe Drive campaign,Supporting,Good,Events / News,Shoe Drive promotion,Campaign asset from existing drive package.,
shoe,Shoe Drive CCD\Shoe Drive\CCM\F2OWhyShoes.pdf,website-media-filebase\10-shoe-drive-campaign\shoe-Shoe-Drive-CCM-F2OWhyShoes.pdf,document,.pdf,1403888,,,Shoe Drive campaign,Supporting,Good,Events / News,Shoe Drive promotion,Campaign asset from existing drive package.,
shoe,Shoe Drive CCD\Shoe Drive\Images\DonationBox_v01.png,website-media-filebase\10-shoe-drive-campaign\shoe-Shoe-Drive-Images-DonationBox_v01.png,image,.png,43967,139x227,,Shoe Drive campaign,Supporting,Good,Events / News,Shoe Drive promotion,Campaign asset from existing drive package.,media-library/10-shoe-drive-campaign/shoe-Shoe-Drive-Images-DonationBox_v01.jpg
shoe,Shoe Drive CCD\Shoe Drive\Images\Spring-Let-Sustainability-Bloom.png,website-media-filebase\10-shoe-drive-campaign\shoe-Shoe-Drive-Images-Spring-Let-Sustainability-Bloom.png,image,.png,580519,1080x1350,,Shoe Drive campaign,Supporting,Good,Events / News,Shoe Drive promotion,Campaign asset from existing drive package.,media-library/10-shoe-drive-campaign/shoe-Shoe-Drive-Images-Spring-Let-Sustainability-Bloom.jpg
shoe,Shoe Drive CCD\Shoe Drive\Images\Summer-Support-Our-Summer-Fundraiser.png,website-media-filebase\10-shoe-drive-campaign\shoe-Shoe-Drive-Images-Summer-Support-Our-Summer-Fundraiser.png,image,.png,1335687,1080x1350,,Shoe Drive campaign,Supporting,Good,Events / News,Shoe Drive promotion,Campaign asset from existing drive package.,media-library/10-shoe-drive-campaign/shoe-Shoe-Drive-Images-Summer-Support-Our-Summer-Fundraiser.jpg
shoe,Shoe Drive CCD\Shoe Drive\Updated\Campaign-Planner.pdf,website-media-filebase\10-shoe-drive-campaign\shoe-Shoe-Drive-Updated-Campaign-Planner.pdf,document,.pdf,1588498,,,Shoe Drive campaign,Supporting,Good,Events / News,Shoe Drive promotion,Campaign asset from existing drive package.,
shoe,Shoe Drive CCD\Shoe Drive\Updated\Cleaning-Out-Your-Closets-Assorted-Shoes.pdf,website-media-filebase\10-shoe-drive-campaign\shoe-Shoe-Drive-Updated-Cleaning-Out-Your-Closets-Assorted-Shoes.pdf,document,.pdf,503310,,,Shoe Drive campaign,Supporting,Good,Events / News,Shoe Drive promotion,Campaign asset from existing drive package.,
shoe,Shoe Drive CCD\Shoe Drive\Updated\Drop-Off-Location-Letter - Copy.docx,website-media-filebase\10-shoe-drive-campaign\shoe-Shoe-Drive-Updated-Drop-Off-Location-Letter---Copy.docx,document,.docx,22764,,,Shoe Drive campaign,Supporting,Good,Events / News,Shoe Drive promotion,Campaign asset from existing drive package.,
shoe,Shoe Drive CCD\Shoe Drive\Updated\Firefighters-vs-Police.pdf,website-media-filebase\10-shoe-drive-campaign\shoe-Shoe-Drive-Updated-Firefighters-vs-Police.pdf,document,.pdf,4521784,,,Shoe Drive campaign,Supporting,Good,Events / News,Shoe Drive promotion,Campaign asset from existing drive package.,
shoe,Shoe Drive CCD\Shoe Drive\Updated\Neighborhood-Flyer-Patriotic.pdf,website-media-filebase\10-shoe-drive-campaign\shoe-Shoe-Drive-Updated-Neighborhood-Flyer-Patriotic.pdf,document,.pdf,2456749,,,Shoe Drive campaign,Supporting,Good,Events / News,Shoe Drive promotion,Campaign asset from existing drive package.,
shoe,Shoe Drive CCD\Shoe Drive\Updated\Neighborhood-Flyer-We-Need-Shoes.pdf,website-media-filebase\10-shoe-drive-campaign\shoe-Shoe-Drive-Updated-Neighborhood-Flyer-We-Need-Shoes.pdf,document,.pdf,11531716,,,Shoe Drive campaign,Supporting,Good,Events / News,Shoe Drive promotion,Campaign asset from existing drive package.,
shoe,Shoe Drive CCD\Shoe Drive\Updated\Partner-5-Week-Email-Template.docx,website-media-filebase\10-shoe-drive-campaign\shoe-Shoe-Drive-Updated-Partner-5-Week-Email-Template.docx,document,.docx,122473,,,Shoe Drive campaign,Supporting,Good,Events / News,Shoe Drive promotion,Campaign asset from existing drive package.,
shoe,Shoe Drive CCD\Shoe Drive\Updated\Save-the-Date.pptx,website-media-filebase\10-shoe-drive-campaign\shoe-Shoe-Drive-Updated-Save-the-Date.pptx,document,.pptx,1896496,,,Shoe Drive campaign,Supporting,Good,Events / News,Shoe Drive promotion,Campaign asset from existing drive package.,
shoe,Shoe Drive CCD\Shoe Drive\Updated\Shoe-Us-the-Love-4-to-a-page.pptx,website-media-filebase\10-shoe-drive-campaign\shoe-Shoe-Drive-Updated-Shoe-Us-the-Love-4-to-a-page.pptx,document,.pptx,458601,,,Shoe Drive campaign,Supporting,Good,Events / News,Shoe Drive promotion,Campaign asset from existing drive package.,
shoe,Shoe Drive CCD\Shoe Drive\Updated\Sneaker-Flyer.pdf,website-media-filebase\10-shoe-drive-campaign\shoe-Shoe-Drive-Updated-Sneaker-Flyer.pdf,document,.pdf,1515504,,,Shoe Drive campaign,Supporting,Good,Events / News,Shoe Drive promotion,Campaign asset from existing drive package.,
shoe,Shoe Drive CCD\Shoe Drive\Updated\Sneaker-Flyer.pptx,website-media-filebase\10-shoe-drive-campaign\shoe-Shoe-Drive-Updated-Sneaker-Flyer.pptx,document,.pptx,691519,,,Shoe Drive campaign,Supporting,Good,Events / News,Shoe Drive promotion,Campaign asset from existing drive package.,
shoe,Shoe Drive CCD\Shoe Drive\CCD\Art\flyer_takeaway.jpg,website-media-filebase\10-shoe-drive-campaign\shoe-Shoe-Drive-CCD-Art-flyer_takeaway.jpg,image,.jpg,154562,612x792,,Shoe Drive campaign,Supporting,Good,Events / News,Shoe Drive promotion,Campaign asset from existing drive package.,media-library/10-shoe-drive-campaign/shoe-Shoe-Drive-CCD-Art-flyer_takeaway.jpg
shoe,Shoe Drive CCD\Shoe Drive\CCD\Art\flyer_takeaway_graphic_v01.jpg,website-media-filebase\10-shoe-drive-campaign\shoe-Shoe-Drive-CCD-Art-flyer_takeaway_graphic_v01.jpg,image,.jpg,56835,597x475,,Shoe Drive campaign,Supporting,Good,Events / News,Shoe Drive promotion,Campaign asset from existing drive package.,media-library/10-shoe-drive-campaign/shoe-Shoe-Drive-CCD-Art-flyer_takeaway_graphic_v01.jpg
shoe,Shoe Drive CCD\Shoe Drive\CCD\Art\shoes1.webp,website-media-filebase\10-shoe-drive-campaign\shoe-Shoe-Drive-CCD-Art-shoes1.webp,image,.webp,16746,256x180,,Shoe Drive campaign,Supporting,Good,Events / News,Shoe Drive promotion,Campaign asset from existing drive package.,media-library/10-shoe-drive-campaign/shoe-Shoe-Drive-CCD-Art-shoes1.jpg
shoe,Shoe Drive CCD\Shoe Drive\CCD\Art\shoes2.webp,website-media-filebase\10-shoe-drive-campaign\shoe-Shoe-Drive-CCD-Art-shoes2.webp,image,.webp,16036,321x181,,Shoe Drive campaign,Supporting,Good,Events / News,Shoe Drive promotion,Campaign asset from existing drive package.,media-library/10-shoe-drive-campaign/shoe-Shoe-Drive-CCD-Art-shoes2.jpg
shoe,Shoe Drive CCD\Shoe Drive\CCD\Art\shoes3.webp,website-media-filebase\10-shoe-drive-campaign\shoe-Shoe-Drive-CCD-Art-shoes3.webp,image,.webp,10632,305x190,,Shoe Drive campaign,Supporting,Good,Events / News,Shoe Drive promotion,Campaign asset from existing drive package.,media-library/10-shoe-drive-campaign/shoe-Shoe-Drive-CCD-Art-shoes3.jpg
repo-root,CCD_New_Website_Plan.md,website-media-filebase\90-source-docs\repo-root-.-CCD_New_Website_Plan.md,document,.md,36215,,,Source document,Supporting,Good,Planning / source copy,Reference copy,"Keep as source material, not visual hero media.",
repo-root,CCD_Sneaker_Drive_Slide.png,website-media-filebase\10-shoe-drive-campaign\repo-root-.-CCD_Sneaker_Drive_Slide.png,image,.png,283459,1280x720,,Shoe Drive campaign,Supporting,Good,Events / News,Shoe Drive promotion,Campaign asset from existing drive package.,media-library/10-shoe-drive-campaign/repo-root-.-CCD_Sneaker_Drive_Slide.jpg
repo-root,CCD_Sneaker_Drive_Slide_CCDEvent.png,website-media-filebase\10-shoe-drive-campaign\repo-root-.-CCD_Sneaker_Drive_Slide_CCDEvent.png,image,.png,241500,1280x720,,Shoe Drive campaign,Supporting,Good,Events / News,Shoe Drive promotion,Campaign asset from existing drive package.,media-library/10-shoe-drive-campaign/repo-root-.-CCD_Sneaker_Drive_Slide_CCDEvent.jpg
repo-root,CCD_Tracy_Brief.docx,website-media-filebase\90-source-docs\repo-root-.-CCD_Tracy_Brief.docx,document,.docx,18152,,,Source document,Supporting,Good,Planning / source copy,Reference copy,"Keep as source material, not visual hero media.",
repo-root,CCD_Website_Content_Audit.md,website-media-filebase\90-source-docs\repo-root-.-CCD_Website_Content_Audit.md,document,.md,31111,,,Source document,Supporting,Good,Planning / source copy,Reference copy,"Keep as source material, not visual hero media.",
repo-root,Dis_0609_CCD_Flyer_v01.png,,image,.png,1370184,1535x2048,,Unclassified image,Review-needed,Unknown,Review,Possible supporting media,No reliable folder signal; review manually.,
repo-root,pdf_business_window-1.jpg,,image,.jpg,215782,1020x1320,,Unclassified image,Review-needed,Unknown,Review,Possible supporting media,No reliable folder signal; review manually.,
repo-root,pdf_closets_flyer-1.jpg,,image,.jpg,200828,1020x1320,,Unclassified image,Review-needed,Unknown,Review,Possible supporting media,No reliable folder signal; review manually.,
repo-root,pdf_neighborhood_patriotic-1.jpg,,image,.jpg,307404,1020x1320,,Unclassified image,Review-needed,Unknown,Review,Possible supporting media,No reliable folder signal; review manually.,
repo-root,pdf_neighborhood_simple-1.jpg,,image,.jpg,258324,1020x1320,,Unclassified image,Review-needed,Unknown,Review,Possible supporting media,No reliable folder signal; review manually.,
repo-root,pdf_sneaker_flyer-1.jpg,website-media-filebase\10-shoe-drive-campaign\repo-root-.-pdf_sneaker_flyer-1.jpg,image,.jpg,158420,1020x1320,,Shoe Drive campaign,Supporting,Good,Events / News,Shoe Drive promotion,Campaign asset from existing drive package.,media-library/10-shoe-drive-campaign/repo-root-.-pdf_sneaker_flyer-1.jpg
repo-root,ReBuildMetro_Teardown.md,website-media-filebase\90-source-docs\repo-root-.-ReBuildMetro_Teardown.md,document,.md,21058,,,Source document,Supporting,Good,Planning / source copy,Reference copy,"Keep as source material, not visual hero media.",
repo-root,Save-the-Date.png,,image,.png,269782,720x960,,Unclassified image,Review-needed,Unknown,Review,Possible supporting media,No reliable folder signal; review manually.,
repo-root,ShoeDrive_Website_PostingGuide.md,website-media-filebase\90-source-docs\repo-root-.-ShoeDrive_Website_PostingGuide.md,document,.md,50846,,,Source document,Supporting,Good,Planning / source copy,Reference copy,"Keep as source material, not visual hero media.",
repo-root,Sneaker-Flyer.png,website-media-filebase\10-shoe-drive-campaign\repo-root-.-Sneaker-Flyer.png,image,.png,353904,816x1056,,Shoe Drive campaign,Supporting,Good,Events / News,Shoe Drive promotion,Campaign asset from existing drive package.,media-library/10-shoe-drive-campaign/repo-root-.-Sneaker-Flyer.jpg
repo-root,Valentina_Meeting_Plan.md,website-media-filebase\90-source-docs\repo-root-.-Valentina_Meeting_Plan.md,document,.md,11254,,,Source document,Supporting,Good,Planning / source copy,Reference copy,"Keep as source material, not visual hero media.",
